-------------------------------------------------------
Drop Table trips;
Drop Table routes;
Drop Table agencyYard;
Drop Table agency;
Drop Table Fares;
Drop Table Calendar;

CREATE TABLE Calendar (
    service_days        VARCHAR(20) NOT NULL,
    start_date          VARCHAR(20) NOT NULL,
    end_date            VARCHAR(20) NOT NULL);

ALTER TABLE Calendar
          ADD CONSTRAINT Calendar_pk
          PRIMARY KEY (service_days);

CREATE TABLE Fares (            
    fare_id             VARCHAR(1) NOT NULL,
    fare_description    VARCHAR(43) NOT NULL);

ALTER TABLE Fares
          ADD CONSTRAINT Fares_pk
          PRIMARY KEY (fare_id); 

CREATE TABLE agency (
    agency_id               VARCHAR(4) NOT NULL,
    agency_name             VARCHAR(50) NOT NULL);

ALTER TABLE agency
        ADD CONSTRAINT agency_pk
        PRIMARY KEY (agency_id);


CREATE TABLE agencyYard (
    agency_id               VARCHAR(4) NOT NULL,
    yard_number             VARCHAR(1) NOT NULL,
    yard_address           VARCHAR(50) NOT NULL,
    agency_phone_number     VARCHAR(20));  

ALTER TABLE agencyYard
        ADD CONSTRAINT agencyYard_pk
        PRIMARY KEY (yard_number);

ALTER TABLE agencyYard
        ADD CONSTRAINT agencyYard_agency_fk
        FOREIGN KEY(agency_id)
        REFERENCES agency (agency_id);

CREATE TABLE routes (
    route_id                VARCHAR(4) NOT NULL,
    agency_id               VARCHAR(4) NOT NULL,
    fare_id                 VARCHAR(1) NOT NULL,
    route_description       VARCHAR(50) NOT NULL,
    roads_used              VARCHAR(200),
    route_type              VARCHAR(20));

ALTER TABLE routes
        ADD CONSTRAINT routes_agency_fk
        FOREIGN KEY (agency_id)
        REFERENCES agency(agency_id);

ALTER TABLE routes
        ADD CONSTRAINT routes_Fares_fk
        FOREIGN KEY (fare_id)
        REFERENCES Fares(fare_id);

CREATE TABLE trips (
    route_id                VARCHAR(4) NOT NULL,
    agency_id               VARCHAR(4) NOT NULL,
    service_days            VARCHAR(20) NOT NULL,
    trip_id                 VARCHAR(10) NOT NULL,
    times                   VARCHAR(8) NOT NULL,
    trip_headsign           VARCHAR(70) NOT NULL,
    block_id                VARCHAR(6) NOT NULL);

ALTER TABLE trips
        ADD CONSTRAINT trips_agency_fk
        FOREIGN KEY (agency_id)
        REFERENCES agency(agency_id);

ALTER TABLE trips
        ADD CONSTRAINT trips_Calendar_fk
        FOREIGN KEY (service_days)
        REFERENCES Calendar(service_days);

--/*Inserting Values into the Columns */

INSERT INTO Calendar (service_days, start_date, end_date) VALUES
            ('MTUWTHF', '02/10/19', '06/08/19'),
            ('SA', '02/10/19', '06/08/19'),
            ('SU', '02/10/19', '06/08/19');

INSERT INTO Fares (fare_id, fare_description) VALUES
            ('1', 'Regular - Regular, Senior, Disabled'),
            ('2', 'Xpress/BRAVO - Regular'),
            ('3', 'LC Fair - Regular');       

INSERT INTO agency (agency_id, agency_name) VALUES 
            ('1', 'Orange County Transportation Authority'),
            ('2', 'First Transit');

INSERT INTO agencyYard (agency_id, yard_number, yard_address, agency_phone_number) VALUES 
            ('1', '1', '4123-4199 W MacArthur Blvd, Santa Ana, CA 92704', '(562) 544-4595'),
            ('1', '4', '11790 Cardinal Cir, Garden Grove, CA 92843', '(714) 560-6282'),
            ('2', '3', '1561 Via Burton St, Anaheim, CA 92806', '(714) 560-5956'),
            ('2', '8', '14736 Sand Canyon Ave, Irvine, CA 92618', '(714) 443-9768');

INSERT INTO routes (route_id, agency_id, fare_id, route_description, roads_used, route_type) VALUES 
            ('1', '1', '1', 'Long Beach to San Clemente', 'Ocean Coast Highway', 'Regular'),
            ('25', '2', '1', 'Fullerton to Huntington Beach', 'Knott Ave/Goldenwest St', 'Regular'),
            ('26', '2', '1', 'Fullerton to Yorba Linda', 'Commonwealth Ave/Yorba Linda Blvd', 'Regular'),
            ('29', '1', '1', 'La Habra to Huntington Beach', 'Beach Blvd', 'Regular'),
            ('29A', '1', '1', 'Buena Park to Huntington Beach', 'Beach Blvd', 'Regular'),
            ('30', '2', '1', 'Norwalk to Anaheim Hills', 'South St/Orangethorpe Ave', 'Regular'),
            ('33', '2', '1', 'Fullerton to Huntington Beach', 'Magnolia St', 'Regular'),
            ('35', '2', '1', 'Fullerton to Costa Mesa', 'Brookhurst St', 'Regular'),
            ('37', '1', '1', 'La Habra to Fountain Valley', 'Euclid St', 'Regular'),
            ('38', '2', '1', 'Lakewood to Anaheim Hills', 'La Palma Ave', 'Regular'),
            ('42', '2', '1', 'Seal Beach to Orange', 'Seal Beach Blvd/Lincoln Ave', 'Regular'),
            ('42A', '2', '1', 'Hawaiian Gardens to Orange', 'Lincoln Ave', 'Regular'),
            ('43', '1', '1', 'Fullerton to Costa Mesa', 'Harbor Blvd', 'Regular'),
            ('46', '2', '1', 'Los Alamitos to Orange', 'Ball Rd/Taft Ave', 'Regular'),
            ('47', '1', '1', 'Fullerton to Newport Beach', 'Anaheim Blvd/Fairview St/Placentia Ave/Balboa Blvd', 'Regular'),
            ('47A', '1', '1', 'Fullerton to Balboa', 'Anaheim Blvd/Fairview St/Placentia Ave/Balboa Blvd', 'Regular'),
            ('50', '1', '1', 'Long Beach to Orange', 'Katella Ave', 'Regular'),
            ('53', '1', '1', 'Anaheim to Santa Ana', 'Main St', 'Regular'),
            ('53', '1', '1', 'Anaheim to Irvine', 'Main St', 'Regular'),
            ('53X', '1', '2', 'Anaheim to Irvine', 'Main St', 'Xpress'),
            ('54', '1', '1', 'Garden Grove to Orange', 'Chapman Ave', 'Regular'),
            ('54', '1', '1', 'Stanton to Orange', 'Chapman Ave', 'Regular'),
            ('55', '1', '1', 'Santa Ana to Newport Beach', 'Main St/Standard Ave/Grand Ave/Halladay St/MacArthur Blvd/Bristol St/Baker St/Fairview St/Harbor Blvd/19th St/Dover St', 'Regular'),
            ('56', '1', '1', 'Garden Grove to Orange', 'Garden Grove Blvd/La Veta Ave', 'Regular'),
            ('57', '1', '1', 'Brea to Newport Beach', 'State College Blvd/Bristol St', 'Regular'),
            ('57', '1', '1', 'Brea to Newport Beach', 'State Collge Blvd/Bristol St', 'Regular'),
            ('57X', '1', '2', 'Brea to Newport Beach', 'State College Blvd/Bristol St', 'Xpress'),
            ('59', '1', '1', 'Anaheim to Irvine', 'Glassel St/Grand Ave/Von Karman Ave', 'Regular'),
            ('60', '1', '1', 'Long Beach to Tustin', 'Westminster Blvd/Seventeenth St', 'Regular'),
            ('60', '1', '1', 'Westminster to Tustin', 'Westminster Blvd/Seventeenth St', 'Regular'),
            ('64', '1', '1', 'Westminster to Tustin', 'Bolsa Ave/First St', 'Regular'),
            ('64X', '1', '2', 'Huntington Beach to Tustin', 'Bolsa Ave/First St', 'Xpress'),
            ('66', '1', '1', 'Huntington Beach to Tustin', 'McFadden Ave', 'Regular'),
            ('66', '1', '1', 'Huntington Beach to Irvine', 'McFadden Ave/Walnut St', 'Regular'),
            ('70', '2', '1', 'Sunset Beach to Tustin', 'Edinger Ave', 'Regular'),
            ('71', '2', '1', 'Placentia to Newport Beach', 'Rose Dr/Tustin St/Red Hill Ave/Jamboree Rd/Newport Ave', 'Regular'),
            ('72', '1', '1', 'Sunset Beach to Irvine', 'Warner Ave', 'Regular'),
            ('76', '1', '1', 'Huntington Beach to Newport Beach', 'Talbert Ave/MacArthur Blvd', 'Regular'),
            ('79', '2', '1', 'Tustin to Newport Beach', 'Bryan Ave/Culver Dr/University Dr', 'Regular'),
            ('83', '1', '1', 'Anaheim to Laguna Hills Express', 'Main St/5 fwy', 'Regular'),
            ('85', '2', '1', 'Mission Viejo to Laguna Niguel', 'Margaruite Pkwy/Crown Valley Pkwy', 'Regular'),
            ('86', '2', '1', 'Costa Mesa to Laguna Hills', 'Alton Pkwy', 'Regular'),
            ('89', '2', '1', 'Mission Viejo to Laguna Beach', 'El Toro Rd/Laguna Canyon Rd', 'Regular'),
            ('90', '2', '1', 'Tustin to Dana Point', 'Edinger Ave/Irvine Center Dr/Moulton Pkwy/Golden Lantern St', 'Regular'),
            ('91', '2', '1', 'Laguna Hills to San Clemente', 'Paseo De Valencia/Camino Capistrano/Del Obispo St', 'Regular'),
            ('123', '2', '1', 'Anaheim to Huntington Beach', 'Valley View St/Bolsa Chica Rd/Malvern Ave/Chapman Ave', 'Regular'),
            ('129', '2', '1', 'La Habra to Anaheim', 'La Habra Blvd/Central Ave/Imperial Hwy/Kraemer Blvd', 'Regular'),
            ('143', '2', '1', 'La Habra to Brea', 'Whittier Blvd/Harbor Blvd/Brea Blvd', 'Regular'),
            ('150', '2', '1', 'Santa Ana to Costa Mesa', 'Flower St/Raitt St', 'Regular'),
            ('150A', '2', '1', 'Santa Ana to Costa Mesa', 'Flower St/Raitt St', 'Regular'),
            ('153', '2', '1', 'Brea to Anaheim', 'Associated Rd/Placentia Ave/Sunkist St/Main St', 'Regular'),
            ('167', '2', '1', 'Orange to Irvine', 'Hewes Ave/Newport Blvd/Irvine Blvd', 'Regular'),
            ('177', '2', '1', 'Foothill Ranch to Laguna Hills', 'Lake Forest Dr/Muirlands Blvd/Los Alisos Blvd', 'Regular')
            ('178', '2', '1', 'Huntington Beach to Irvine', 'Adams Ave/Main St', 'Regular'),
            ('529', '1', '2', 'Fullerton to Huntington Beach', 'Beach Blvd', 'BRAVO'),
            ('543', '1', '2', 'Fullerton to Santa Ana', 'Harbor Blvd', 'BRAVO'),
            ('560', '1', '2', 'Long Beach to Santa Ana', 'Westminster Blvd/Seventeenth St', 'BRAVO'),
            ('633', '1', '3', 'LC Fairgrounds to Fullerton', '91 fwy/55 fwy', 'LC Fair Express'),
            ('642', '1', '3', 'LC Fairgrounds to Orange', '55 fwy', 'LC Fair Express'),
            ('650', '1', '3', 'LC Fairgrounds to Anaheim', '57 fwy/22 fwy/55 fwy', 'LC Fair Express'),
            ('662', '1', '3', 'LC Fairground to Santa Ana', '5 fwy/55 fwy', 'LC Fair Express'),
            ('670', '1', '3', 'LC Fairgrounds to Huntington Beach', '405 fwy', 'LC Fair Express'),
            ('671', '2', '3', 'LC Fairgrounds to Anaheim Hills', '55 fwy', 'LC Fair Express'),
            ('683', '2', '3', 'LC Fairgrounds to Laguna Hills', '5 fwy', 'LC Fair Express'),
            ('688', '2', '3', 'Irvine to LC Fairgrounds', '5 fwy', 'LC Fair Express'),
            ('689', '1', '3', 'LC Fairgrounds to Laguna Beach', '405 fwy', 'LC Fair Express'),
            ('691', '2', '3', 'LC Fairgrounds to San Clemente', '5 fwy', 'LC Fair Express');

INSERT INTO trips(route_id, agency_id, service_days, trip_id, times, trip_headsign, block_id ) VALUES 
            --ROUTE 1--
            ('1', '1', 'MTUWTHF', '601376', '04:34', 'LONG BEACH - CAL STATE LONG BEACH', '111'),
            ('1', '1', 'MTUWTHF', '601377', '05:37', 'LONG BEACH - CAL STATE LONG BEACH', '115'),
            ('1', '1', 'MTUWTHF', '601378', '06:05', 'NEWPORT TRANSP CENTER', '117'),
            ('1', '1', 'MTUWTHF', '601379', '06:39', 'LONG BEACH - CAL STATE LONG BEACH', '142'),
            ('1', '1', 'MTUWTHF', '601380', '06:54', 'NEWPORT TRANSP CENTER', '114'),
            ('1', '1', 'MTUWTHF', '601381', '07:24', 'LONG BEACH - CAL STATE LONG BEACH', '113'),
            ('1', '1', 'MTUWTHF', '601382', '07:53', 'NEWPORT TRANSP CENTER', '116'),
            ('1', '1', 'MTUWTHF', '601383', '08:28', 'LONG BEACH - CAL STATE LONG BEACH', '112'),
            ('1', '1', 'MTUWTHF', '601385', '09:03', 'NEWPORT TRANSP CENTER', '141'),
            ('1', '1', 'MTUWTHF', '601386', '09:38', 'LONG BEACH - CAL STATE LONG BEACH', '111'),
            ('1', '1', 'MTUWTHF', '601387', '10:14', 'NEWPORT TRANSP CENTER', '114'),
            ('1', '1', 'MTUWTHF', '601388', '10:53', 'LONG BEACH - CAL STATE LONG BEACH', '115'),
            ('1', '1', 'MTUWTHF', '601389', '11:28', 'NEWPORT TRANSP CENTER', '116'),
            ('1', '1', 'MTUWTHF', '601385', '12:03', 'LONG BEACH - CAL STATE LONG BEACH', '142'),
            ('1', '1', 'MTUWTHF', '601390', '12:38', 'NEWPORT TRANSP CENTER', '141'),
            ('1', '1', 'MTUWTHF', '601391', '13:12', 'LONG BEACH - CAL STATE LONG BEACH', '113'),
            ('1', '1', 'MTUWTHF', '601392', '13:47', 'NEWPORT TRANSP CENTER', '114'),
            ('1', '1', 'MTUWTHF', '601393', '14:23', 'LONG BEACH - CAL STATE LONG BEACH', '112'),
            ('1', '1', 'MTUWTHF', '601394', '15:03', 'NEWPORT TRANSP CENTER', '116'),
            ('1', '1', 'MTUWTHF', '601395', '15:39', 'LONG BEACH - CAL STATE LONG BEACH', '119'),
            ('1', '1', 'MTUWTHF', '601396', '16:14', 'NEWPORT TRANSP CENTER', '141'),
            ('1', '1', 'MTUWTHF', '601397', '16:49', 'LONG BEACH - CAL STATE LONG BEACH', '115'),
            ('1', '1', 'MTUWTHF', '601398', '17:37', 'NEWPORT TRANSP CENTER', '114'),
            ('1', '1', 'MTUWTHF', '601399', '18:12', 'LONG BEACH - CAL STATE LONG BEACH', '142'),
            ('1', '1', 'MTUWTHF', '601400', '18:47', 'NEWPORT TRANSP CENTER', '120'),
            ('1', '1', 'MTUWTHF', '601401', '19:22', 'LONG BEACH - CAL STATE LONG BEACH', '113'),
            ('1', '1', 'MTUWTHF', '601402', '20:02', 'NEWPORT TRANSP CENTER', '141'),
            ('1', '1', 'MTUWTHF', '601403', '20:47', 'LONG BEACH - CAL STATE LONG BEACH', '144'),

            ('1', '1', 'MTUWTHF', '601476', '05:01', 'SAN CLEMENTE - CAMINO REAL & SANTA MARGARITA', '113'),
            ('1', '1', 'MTUWTHF', '601477', '05:22', 'SAN CLEMENTE - CAMINO REAL & SANTA MARGARITA', '114'),
            ('1', '1', 'MTUWTHF', '601478', '05:31', 'SAN CLEMENTE - CAMINO REAL & SANTA MARGARITA', '116'),
            ('1', '1', 'MTUWTHF', '601479', '05:53', 'SAN CLEMENTE - CAMINO REAL & SANTA MARGARITA', '112'),
            ('1', '1', 'MTUWTHF', '601480', '06:33', 'SAN CLEMENTE - CAMINO REAL & SANTA MARGARITA', '141'),
            ('1', '1', 'MTUWTHF', '601481', '06:45', 'LAGUNA BEACH BUS STATION', '143'),
            ('1', '1', 'MTUWTHF', '601484', '06:51', 'SAN CLEMENTE - CAMINO REAL & SANTA MARGARITA', '111'),
            ('1', '1', 'MTUWTHF', '601485', '07:10', 'LAGUNA BEACH BUS STATION', '118'),
            ('1', '1', 'MTUWTHF', '601486', '07:44', 'SAN CLEMENTE - CAMINO REAL & SANTA MARGARITA', '117'),
            ('1', '1', 'MTUWTHF', '601487', '07:56', 'SAN CLEMENTE - CAMINO REAL & SANTA MARGARITA', '115'),
            ('1', '1', 'MTUWTHF', '601488', '08:32', 'SAN CLEMENTE - CAMINO REAL & SANTA MARGARITA', '114'),
            ('1', '1', 'MTUWTHF', '601489', '09:03', 'SAN CLEMENTE - CAMINO REAL & SANTA MARGARITA', '142'),
            ('1', '1', 'MTUWTHF', '601490', '09:36', 'SAN CLEMENTE - CAMINO REAL & SANTA MARGARITA', '116'),
            ('1', '1', 'MTUWTHF', '601491', '10:13', 'SAN CLEMENTE - CAMINO REAL & SANTA MARGARITA', '113'),
            ('1', '1', 'MTUWTHF', '601492', '10:43', 'SAN CLEMENTE - CAMINO REAL & SANTA MARGARITA', '141'),
            ('1', '1', 'MTUWTHF', '601493', '11:23', 'SAN CLEMENTE - CAMINO REAL & SANTA MARGARITA', '112'),
            ('1', '1', 'MTUWTHF', '601494', '11:53', 'SAN CLEMENTE - CAMINO REAL & SANTA MARGARITA', '114'),
            ('1', '1', 'MTUWTHF', '601495', '12:37', 'SAN CLEMENTE - CAMINO REAL & SANTA MARGARITA', '119'),
            ('1', '1', 'MTUWTHF', '601496', '13:08', 'SAN CLEMENTE - CAMINO REAL & SANTA MARGARITA', '116'),
            ('1', '1', 'MTUWTHF', '601497', '13:47', 'SAN CLEMENTE - CAMINO REAL & SANTA MARGARITA', '115'),
            ('1', '1', 'MTUWTHF', '601490', '14:28', 'SAN CLEMENTE - CAMINO REAL & SANTA MARGARITA', '141'),
            ('1', '1', 'MTUWTHF', '601491', '15:12', 'SAN CLEMENTE - CAMINO REAL & SANTA MARGARITA', '142'),
            ('1', '1', 'MTUWTHF', '601492', '15:29', 'SAN CLEMENTE - CAMINO REAL & SANTA MARGARITA', '114'),
            ('1', '1', 'MTUWTHF', '601493', '16:27', 'SAN CLEMENTE - CAMINO REAL & SANTA MARGARITA', '113'),
            ('1', '1', 'MTUWTHF', '601494', '17:00', 'SAN CLEMENTE - CAMINO REAL & SANTA MARGARITA', '120'),
            ('1', '1', 'MTUWTHF', '601495', '17:37', 'SAN CLEMENTE - CAMINO REAL & SANTA MARGARITA', '112'),
            ('1', '1', 'MTUWTHF', '601496', '18:04', 'SAN CLEMENTE - CAMINO REAL & SANTA MARGARITA', '141'),
            ('1', '1', 'MTUWTHF', '601497', '18:57', 'SAN CLEMENTE - CAMINO REAL & SANTA MARGARITA', '4748'),
            ('1', '1', 'MTUWTHF', '601498', '19:14', 'SAN CLEMENTE - CAMINO REAL & SANTA MARGARITA', '144'),
            ('1', '1', 'MTUWTHF', '601499', '20:07', 'SAN CLEMENTE - CAMINO REAL & SANTA MARGARITA', '6047'),
            ('1', '1', 'MTUWTHF', '601500', '20:24', 'SAN CLEMENTE - CAMINO REAL & SANTA MARGARITA', '120'),
            ('1', '1', 'MTUWTHF', '601501', '20:42', 'SAN CLEMENTE - CAMINO REAL & SANTA MARGARITA', '4754'),
            --ROUTE 29/29A-----
            ('29A', '1', 'MTUWTHF', '629376', '04:00', 'LA HABRA - BEACH & LA HABRA', '4311'),
            ('29A', '1', 'MTUWTHF', '629377', '04:30', 'BUENA PARK METROLINK STATION', '2941'),
            ('29A', '1', 'MTUWTHF', '629378', '05:00', 'LA HABRA - BEACH & LA HABRA', '2912'),
            ('29A', '1', 'MTUWTHF', '629379', '05:23', 'BUENA PARK METROLINK STATION', '2914'),
            ('29', '1', 'MTUWTHF', '629380', '05:42', 'LA HABRA - BEACH & LA HABRA', '2945'), 
            ('29A', '1', 'MTUWTHF', '629381', '05:50', 'BUENA PARK METROLINK STATION', '2946'), 
            ('29', '1', 'MTUWTHF', '629382', '06:09', 'LA HABRA - BEACH & LA HABRA', '2916'), 
            ('29A', '1', 'MTUWTHF', '629383', '06:18', 'BUENA PARK METROLINK STATION', '2942'), 
            ('29', '1', 'MTUWTHF', '629384', '06:39', 'LA HABRA - BEACH & LA HABRA', '2943'), 
            ('29A', '1', 'MTUWTHF', '629385', '06:45', 'BUENA PARK METROLINK STATION', '2947'), 
            ('29', '1', 'MTUWTHF', '629386', '07:07', 'LA HABRA - BEACH & LA HABRA', '2944'), 
            ('29A', '1', 'MTUWTHF', '629387', '07:13', 'BUENA PARK METROLINK STATION', '2913'), 
            ('29', '1', 'MTUWTHF', '629388', '07:32', 'LA HABRA - BEACH & LA HABRA', '2919'), 
            ('29A', '1', 'MTUWTHF', '629389', '07:35', 'BUENA PARK METROLINK STATION', '2941'), 
            ('29', '1', 'MTUWTHF', '629390', '07:57', 'LA HABRA - BEACH & LA HABRA', '5742'), 
            ('29A', '1', 'MTUWTHF', '629391', '08:10', 'BUENA PARK METROLINK STATION', '2917'), 
            ('29', '1', 'MTUWTHF', '629392', '08:34', 'LA HABRA - BEACH & LA HABRA', '2948'), 
            ('29A', '1', 'MTUWTHF', '629393', '08:48', 'BUENA PARK METROLINK STATION', '2912'), 
            ('29', '1', 'MTUWTHF', '629394', '09:12', 'LA HABRA - BEACH & LA HABRA', '2946'), 
            ('29A', '1', 'MTUWTHF', '629395', '09:23', 'BUENA PARK METROLINK STATION', '2911'), 
            ('29', '1', 'MTUWTHF', '629396', '09:49', 'LA HABRA - BEACH & LA HABRA', '2942'), 
            ('29A', '1', 'MTUWTHF', '629397', '09:57', 'BUENA PARK METROLINK STATION', '2916'), 
            ('29', '1', 'MTUWTHF', '629398', '10:20', 'LA HABRA - BEACH & LA HABRA', '2949'), 
            ('29A', '1', 'MTUWTHF', '629399', '10:35', 'BUENA PARK METROLINK STATION', '2947'), 
            ('29', '1', 'MTUWTHF', '629400', '11:00', 'LA HABRA - BEACH & LA HABRA', '2943'), 
            ('29A', '1', 'MTUWTHF', '629401', '11:14', 'BUENA PARK METROLINK STATION', '2941'), 
            ('29', '1', 'MTUWTHF', '629402', '11:36', 'LA HABRA - BEACH & LA HABRA', '2917'), 
            ('29A', '1', 'MTUWTHF', '629403', '11:49', 'BUENA PARK METROLINK STATION', '2918'), 
            ('29', '1', 'MTUWTHF', '629404', '12:12', 'LA HABRA - BEACH & LA HABRA', '5741'), 
            ('29A', '1', 'MTUWTHF', '629405', '12:24', 'BUENA PARK METROLINK STATION', '2948'),
            ('29', '1', 'MTUWTHF', '629406', '12:49', 'LA HABRA - BEACH & LA HABRA', '2911'), 
            ('29A', '1', 'MTUWTHF', '629407', '12:59', 'BUENA PARK METROLINK STATION', '2946'), 
            ('29', '1', 'MTUWTHF', '629408', '13:27', 'LA HABRA - BEACH & LA HABRA', '2916'), 
            ('29A', '1', 'MTUWTHF', '629409', '13:32', 'BUENA PARK METROLINK STATION', '2920'),
            ('29', '1', 'MTUWTHF', '629410', '13:55', 'LA HABRA - BEACH & LA HABRA', '2949'), 
            ('29A', '1', 'MTUWTHF', '629411', '14:05', 'BUENA PARK METROLINK STATION', '2947'),
            ('29', '1', 'MTUWTHF', '629412', '14:29', 'LA HABRA - BEACH & LA HABRA', '2942'), 
            ('29A', '1', 'MTUWTHF', '629413', '14:33', 'BUENA PARK METROLINK STATION', '2922'),
            ('29', '1', 'MTUWTHF', '629414', '14:58', 'LA HABRA - BEACH & LA HABRA', '2915'), 
            ('29A', '1', 'MTUWTHF', '629415', '15:02', 'BUENA PARK METROLINK STATION', '2943'),
            ('29', '1', 'MTUWTHF', '629416', '15:27', 'LA HABRA - BEACH & LA HABRA', '2918'), 
            ('29A', '1', 'MTUWTHF', '629417', '15:33', 'BUENA PARK METROLINK STATION', '2917'),
            ('29', '1', 'MTUWTHF', '629418', '15:56', 'LA HABRA - BEACH & LA HABRA', '2948'), 
            ('29A', '1', 'MTUWTHF', '629419', '16:00', 'BUENA PARK METROLINK STATION', '5715'),
            ('29', '1', 'MTUWTHF', '629420', '16:27', 'LA HABRA - BEACH & LA HABRA', '6014'), 
            ('29A', '1', 'MTUWTHF', '629421', '16:33', 'BUENA PARK METROLINK STATION', '2921'),
            ('29', '1', 'MTUWTHF', '629422', '16:57', 'LA HABRA - BEACH & LA HABRA', '2923'), 
            ('29A', '1', 'MTUWTHF', '629423', '17:03', 'BUENA PARK METROLINK STATION', '2911'),
            ('29', '1', 'MTUWTHF', '629424', '17:32', 'LA HABRA - BEACH & LA HABRA', '2916'),
            ('29A', '1', 'MTUWTHF', '629425', '17:57', 'BUENA PARK METROLINK STATION', '2949'),
            ('29', '1', 'MTUWTHF', '629426', '18:33', 'LA HABRA - BEACH & LA HABRA', '2942'),
            ('29A', '1', 'MTUWTHF', '629427', '18:58', 'BUENA PARK METROLINK STATION', '2915'),
            ('29', '1', 'MTUWTHF', '629428', '19:32', 'LA HABRA - BEACH & LA HABRA', '2918'),
            ('29A', '1', 'MTUWTHF', '629429', '19:58', 'BUENA PARK METROLINK STATION', '2941'),
            ('29', '1', 'MTUWTHF', '629430', '20:33', 'LA HABRA - BEACH & LA HABRA', '7212'),
            ('29A', '1', 'MTUWTHF', '629431', '20:59', 'BUENA PARK METROLINK STATION', '2911'),
            ('29', '1', 'MTUWTHF', '629432', '21:33', 'LA HABRA - BEACH & LA HABRA', '5448'),
            ('29A', '1', 'MTUWTHF', '629433', '21:59', 'BUENA PARK METROLINK STATION', '4719'),
            ('29', '1', 'MTUWTHF', '629434', '22:33', 'LA HABRA - BEACH & LA HABRA', '4318'),
            ('29A', '1', 'MTUWTHF', '629435', '23:02', 'BUENA PARK METROLINK STATION', '2924'),
            ('29A', '1', 'MTUWTHF', '629436', '23:32', 'LA HABRA - BEACH & LA HABRA', '2918'),
            ('29A', '1', 'MTUWTHF', '629476', '04:46', 'HUNTINGTON BEACH - PCH & 1ST', '2942'), 
            ('29A', '1', 'MTUWTHF', '629477', '05:02', 'HUNTINGTON BEACH - PCH & 1ST', '2943'),   
            ('29A', '1', 'MTUWTHF', '629478', '05:34', 'HUNTINGTON BEACH - PCH & 1ST', '2944'),   
            ('29', '1', 'MTUWTHF', '629479', '05:36', 'HUNTINGTON BEACH - PCH & 1ST', '2913'), 
            ('29A', '1', 'MTUWTHF', '629480', '05:50', 'HUNTINGTON BEACH - PCH & 1ST', '2946'), 
            ('29', '1', 'MTUWTHF', '629479', '06:04', 'HUNTINGTON BEACH - PCH & 1ST', '5742'),
            ('29A', '1', 'MTUWTHF', '629480', '06:02', 'HUNTINGTON BEACH - PCH & 1ST', '2941'),  
            ('29', '1', 'MTUWTHF', '629481', '06:23', 'HUNTINGTON BEACH - PCH & 1ST', '2948'), 
            ('29A', '1', 'MTUWTHF', '629482', '06:29', 'HUNTINGTON BEACH - PCH & 1ST', '2917'),  
            ('29', '1', 'MTUWTHF', '629483', '06:51', 'HUNTINGTON BEACH - PCH & 1ST', '2912'), 
            ('29A', '1', 'MTUWTHF', '629484', '06:52', 'HUNTINGTON BEACH - PCH & 1ST', '2914'),   
            ('29', '1', 'MTUWTHF', '629481', '07:17', 'HUNTINGTON BEACH - PCH & 1ST', '2945'), 
            ('29A', '1', 'MTUWTHF', '629482', '07:20', 'HUNTINGTON BEACH - PCH & 1ST', '2946'),  
            ('29', '1', 'MTUWTHF', '629483', '07:47', 'HUNTINGTON BEACH - PCH & 1ST', '2916'), 
            ('29A', '1', 'MTUWTHF', '629484', '07:49', 'HUNTINGTON BEACH - PCH & 1ST', '2942'), 
            ('29', '1', 'MTUWTHF', '629485', '08:32', 'HUNTINGTON BEACH - PCH & 1ST', '2943'), 
            ('29A', '1', 'MTUWTHF', '629486', '08:25', 'HUNTINGTON BEACH - PCH & 1ST', '2947'), 
            ('29A', '1', 'MTUWTHF', '629487', '09:08', 'HUNTINGTON BEACH - PCH & 1ST', '2941'),   
            ('29', '1', 'MTUWTHF', '629488', '09:12', 'HUNTINGTON BEACH - PCH & 1ST', '5014'),   
            ('29A', '1', 'MTUWTHF', '629489', '09:46', 'HUNTINGTON BEACH - PCH & 1ST', '2917'),   
            ('29', '1', 'MTUWTHF', '629490', '09:48', 'HUNTINGTON BEACH - PCH & 1ST', '2918'), 
            ('29A', '1', 'MTUWTHF', '629491', '10:22', 'HUNTINGTON BEACH - PCH & 1ST', '2912'),   
            ('29', '1', 'MTUWTHF', '629492', '10:23', 'HUNTINGTON BEACH - PCH & 1ST', '2948'),   
            ('29A', '1', 'MTUWTHF', '629493', '10:59', 'HUNTINGTON BEACH - PCH & 1ST', '2911'),   
            ('29', '1', 'MTUWTHF', '629494', '11:01', 'HUNTINGTON BEACH - PCH & 1ST', '2946'), 
            ('29A', '1', 'MTUWTHF', '629495', '11:37', 'HUNTINGTON BEACH - PCH & 1ST', '2916'),   
            ('29', '1', 'MTUWTHF', '629496', '11:38', 'HUNTINGTON BEACH - PCH & 1ST', '2942'),   
            ('29A', '1', 'MTUWTHF', '629497', '12:15', 'HUNTINGTON BEACH - PCH & 1ST', '2947'),   
            ('29', '1', 'MTUWTHF', '629498', '12:17', 'HUNTINGTON BEACH - PCH & 1ST', '2949'), 
            ('29A', '1', 'MTUWTHF', '629499', '12:54', 'HUNTINGTON BEACH - PCH & 1ST', '2915'),   
            ('29', '1', 'MTUWTHF', '629500', '13:00', 'HUNTINGTON BEACH - PCH & 1ST', '2943'),   
            ('29A', '1', 'MTUWTHF', '629501', '13:35', 'HUNTINGTON BEACH - PCH & 1ST', '2918'),   
            ('29', '1', 'MTUWTHF', '629502', '13:36', 'HUNTINGTON BEACH - PCH & 1ST', '2917'), 
            ('29', '1', 'MTUWTHF', '629503', '14:05', 'HUNTINGTON BEACH - PCH & 1ST', '5715'),   
            ('29A', '1', 'MTUWTHF', '629504', '14:06', 'HUNTINGTON BEACH - PCH & 1ST', '2948'),   
            ('29', '1', 'MTUWTHF', '629505', '14:30', 'HUNTINGTON BEACH - PCH & 1ST', '2921'),   
            ('29A', '1', 'MTUWTHF', '629506', '14:33', 'HUNTINGTON BEACH - PCH & 1ST', '6014'),  
            ('29', '1', 'MTUWTHF', '629507', '14:57', 'HUNTINGTON BEACH - PCH & 1ST', '2911'),   
            ('29A', '1', 'MTUWTHF', '629508', '15:01', 'HUNTINGTON BEACH - PCH & 1ST', '2923'),   
            ('29', '1', 'MTUWTHF', '629509', '15:28', 'HUNTINGTON BEACH - PCH & 1ST', '2916'),   
            ('29A', '1', 'MTUWTHF', '629510', '15:30', 'HUNTINGTON BEACH - PCH & 1ST', '2920'),  
            ('29', '1', 'MTUWTHF', '629511', '15:55', 'HUNTINGTON BEACH - PCH & 1ST', '2949'),   
            ('29A', '1', 'MTUWTHF', '629512', '16:00', 'HUNTINGTON BEACH - PCH & 1ST', '2947'),   
            ('29', '1', 'MTUWTHF', '629513', '16:26', 'HUNTINGTON BEACH - PCH & 1ST', '2942'),   
            ('29A', '1', 'MTUWTHF', '629514', '16:28', 'HUNTINGTON BEACH - PCH & 1ST', '2922'),  
            ('29', '1', 'MTUWTHF', '629515', '16:57', 'HUNTINGTON BEACH - PCH & 1ST', '2915'),   
            ('29A', '1', 'MTUWTHF', '629516', '17:00', 'HUNTINGTON BEACH - PCH & 1ST', '2943'),   
            ('29', '1', 'MTUWTHF', '629517', '17:28', 'HUNTINGTON BEACH - PCH & 1ST', '2918'),   
            ('29A', '1', 'MTUWTHF', '629518', '17:31', 'HUNTINGTON BEACH - PCH & 1ST', '4344'), 
            ('29A', '1', 'MTUWTHF', '629519', '18:07', 'HUNTINGTON BEACH - PCH & 1ST', '5715'), 
            ('29', '1', 'MTUWTHF', '629520', '18:22', 'HUNTINGTON BEACH - PCH & 1ST', '6014'),    
            ('29A', '1', 'MTUWTHF', '629521', '19:10', 'HUNTINGTON BEACH - PCH & 1ST', '2911'),  
            ('29', '1', 'MTUWTHF', '629522', '19:25', 'HUNTINGTON BEACH - PCH & 1ST', '2916'), 
            ('29A', '1', 'MTUWTHF', '629523', '20:13', 'HUNTINGTON BEACH - PCH & 1ST', '2949'),        
            ('29', '1', 'MTUWTHF', '629524', '20:25', 'HUNTINGTON BEACH - PCH & 1ST', '2942'),
            ('29A', '1', 'MTUWTHF', '629525', '21:15', 'HUNTINGTON BEACH - PCH & 1ST', '2924'),     
            ('29', '1', 'MTUWTHF', '629526', '21:32', 'HUNTINGTON BEACH - PCH & 1ST', '2918'),  
            ('29A', '1', 'MTUWTHF', '629527', '22:15', 'HUNTINGTON BEACH - PCH & 1ST', '4741'), 
            ('29', '1', 'MTUWTHF', '629528', '22:32', 'HUNTINGTON BEACH - PCH & 1ST', '7212'),   
            ('29A', '1', 'MTUWTHF', '629529', '23:17', 'HUNTINGTON BEACH - PCH & 1ST', '4347'), 
            ('29A', '1', 'MTUWTHF', '629530', '23:39', 'HUNTINGTON BEACH - PCH & 1ST', '5742'),    

            --ROUTE 37--
            ('37', '1', 'MTUWTHF', '376376', '03:54', 'FOUNTAIN VALLEY - EUCLID & TALBERT', '7211'),
            ('37', '1', 'MTUWTHF', '376377', '04:26', 'FOUNTAIN VALLEY - EUCLID & TALBERT', '3742'),
            ('37', '1', 'MTUWTHF', '376378', '04:44', 'FOUNTAIN VALLEY - EUCLID & TALBERT', 'XXX1'),
            ('37', '1', 'MTUWTHF', '376379', '05:04', 'FOUNTAIN VALLEY - EUCLID & TALBERT', 'XXXX'),
            ('37', '1', 'MTUWTHF', '376380', '05:24', 'FOUNTAIN VALLEY - EUCLID & TALBERT', '3741'),
            ('37', '1', 'MTUWTHF', '376381', '05:41', 'FOUNTAIN VALLEY - EUCLID & TALBERT', '3745'),
            ('37', '1', 'MTUWTHF', '376382', '05:52', 'FOUNTAIN VALLEY - EUCLID & TALBERT', '3744'),
            ('37', '1', 'MTUWTHF', '376383', '06:31', 'FOUNTAIN VALLEY - EUCLID & TALBERT', 'XXX2'),
            ('37', '1', 'MTUWTHF', '376384', '06:51', 'FOUNTAIN VALLEY - EUCLID & TALBERT', '3742'),
            ('37', '1', 'MTUWTHF', '376386', '07:11', 'FOUNTAIN VALLEY - EUCLID & TALBERT', 'XXX1'),
            ('37', '1', 'MTUWTHF', '376387', '07:31', 'FOUNTAIN VALLEY - EUCLID & TALBERT', 'XXXX'),
            ('37', '1', 'MTUWTHF', '376389', '07:50', 'FOUNTAIN VALLEY - EUCLID & TALBERT', 'XXXX'),
            ('37', '1', 'MTUWTHF', '376390', '08:07', 'FOUNTAIN VALLEY - EUCLID & TALBERT', 'XXX4'),
            ('37', '1', 'MTUWTHF', '376391', '08:29', 'FOUNTAIN VALLEY - EUCLID & TALBERT', 'XXX3'),
            ('37', '1', 'MTUWTHF', '376392', '08:49', 'FOUNTAIN VALLEY - EUCLID & TALBERT', '3743'),
            ('37', '1', 'MTUWTHF', '376393', '09:09', 'FOUNTAIN VALLEY - EUCLID & TALBERT', '3744'),
            ('37', '1', 'MTUWTHF', '376394', '09:29', 'FOUNTAIN VALLEY - EUCLID & TALBERT', 'XXX2'),
            ('37', '1', 'MTUWTHF', '376395', '09:49', 'FOUNTAIN VALLEY - EUCLID & TALBERT', '3745'),
            ('37', '1', 'MTUWTHF', '376396', '10:11', 'FOUNTAIN VALLEY - EUCLID & TALBERT', '3746'),
            ('37', '1', 'MTUWTHF', '376397', '10:31', 'FOUNTAIN VALLEY - EUCLID & TALBERT', '3741'),
            ('37', '1', 'MTUWTHF', '376398', '10:51', 'FOUNTAIN VALLEY - EUCLID & TALBERT', 'XXX4'),
            ('37', '1', 'MTUWTHF', '376399', '11:13', 'FOUNTAIN VALLEY - EUCLID & TALBERT', 'XXX3'),
            ('37', '1', 'MTUWTHF', '376400', '11:33', 'FOUNTAIN VALLEY - EUCLID & TALBERT', '3743'),
            ('37', '1', 'MTUWTHF', '376401', '11:53', 'FOUNTAIN VALLEY - EUCLID & TALBERT', '3744'),
            ('37', '1', 'MTUWTHF', '376402', '12:13', 'FOUNTAIN VALLEY - EUCLID & TALBERT', '3749'),
            ('37', '1', 'MTUWTHF', '376403', '12:30', 'FOUNTAIN VALLEY - EUCLID & TALBERT', 'XXX2'),
            ('37', '1', 'MTUWTHF', '376404', '12:47', 'FOUNTAIN VALLEY - EUCLID & TALBERT', '3746'),
            ('37', '1', 'MTUWTHF', '376405', '13:07', 'FOUNTAIN VALLEY - EUCLID & TALBERT', '3747'),
            ('37', '1', 'MTUWTHF', '376406', '13:27', 'FOUNTAIN VALLEY - EUCLID & TALBERT', 'XXX5'),
            ('37', '1', 'MTUWTHF', '376407', '13:47', 'FOUNTAIN VALLEY - EUCLID & TALBERT', '3745'),
            ('37', '1', 'MTUWTHF', '376408', '14:07', 'FOUNTAIN VALLEY - EUCLID & TALBERT', 'XXX3'),
            ('37', '1', 'MTUWTHF', '376409', '14:27', 'FOUNTAIN VALLEY - EUCLID & TALBERT', '3743'),
            ('37', '1', 'MTUWTHF', '376410', '14:45', 'FOUNTAIN VALLEY - EUCLID & TALBERT', '3744'),
            ('37', '1', 'MTUWTHF', '376411', '15:07', 'FOUNTAIN VALLEY - EUCLID & TALBERT', 'XXX6'),
            ('37', '1', 'MTUWTHF', '376412', '15:27', 'FOUNTAIN VALLEY - EUCLID & TALBERT', 'XXX7'),
            ('37', '1', 'MTUWTHF', '376413', '15:47', 'FOUNTAIN VALLEY - EUCLID & TALBERT', '3748'),
            ('37', '1', 'MTUWTHF', '376414', '16:07', 'FOUNTAIN VALLEY - EUCLID & TALBERT', '3746'),
            ('37', '1', 'MTUWTHF', '376415', '16:26', 'FOUNTAIN VALLEY - EUCLID & TALBERT', '3747'),
            ('37', '1', 'MTUWTHF', '376416', '16:46', 'FOUNTAIN VALLEY - EUCLID & TALBERT', '3744'),
            ('37', '1', 'MTUWTHF', '376417', '17:06', 'FOUNTAIN VALLEY - EUCLID & TALBERT', '3745'),
            ('37', '1', 'MTUWTHF', '376418', '17:26', 'FOUNTAIN VALLEY - EUCLID & TALBERT', 'XXXX'),
            ('37', '1', 'MTUWTHF', '376419', '17:50', 'FOUNTAIN VALLEY - EUCLID & TALBERT', 'XXX8'),
            ('37', '1', 'MTUWTHF', '376420', '18:07', 'FOUNTAIN VALLEY - EUCLID & TALBERT', '3750'),
            ('37', '1', 'MTUWTHF', '376421', '18:10', 'FOUNTAIN VALLEY - EUCLID & TALBERT', '3744'),
            ('37', '1', 'MTUWTHF', '376422', '18:27', 'FOUNTAIN VALLEY - EUCLID & TALBERT', 'XXX6'),
            ('37', '1', 'MTUWTHF', '376423', '18:54', 'FOUNTAIN VALLEY - EUCLID & TALBERT', '3749'),
            ('37', '1', 'MTUWTHF', '376424', '19:16', 'FOUNTAIN VALLEY - EUCLID & TALBERT', '3748'),
            ('37', '1', 'MTUWTHF', '376425', '19:45', 'FOUNTAIN VALLEY - EUCLID & TALBERT', '3746'),
            ('37', '1', 'MTUWTHF', '376426', '20:19', 'FOUNTAIN VALLEY - EUCLID & TALBERT', 'XXXX'),
            ('37', '1', 'MTUWTHF', '376427', '20:49', 'FOUNTAIN VALLEY - EUCLID & TALBERT', 'XXX4'),
            ('37', '1', 'MTUWTHF', '376428', '21:19', 'FOUNTAIN VALLEY - EUCLID & TALBERT', '3744'),
            ('37', '1', 'MTUWTHF', '376429', '21:57', 'FOUNTAIN VALLEY - EUCLID & TALBERT', 'XXXX'),
            ('37', '1', 'MTUWTHF', '376430', '22:27', 'FOUNTAIN VALLEY - EUCLID & TALBERT', '3748'),
            ('37', '1', 'MTUWTHF', '376431', '22:57', 'FOUNTAIN VALLEY - EUCLID & TALBERT', '3746'),
            ('37', '1', 'MTUWTHF', '376432', '23:27', 'FOUNTAIN VALLEY - EUCLID & TALBERT', 'XXXX'),
            ('37', '1', 'MTUWTHF', '376433', '23:57', 'FOUNTAIN VALLEY - EUCLID & TALBERT', 'XXX4'),
            ('37', '1', 'MTUWTHF', '376434', '24:27', 'FOUNTAIN VALLEY - EUCLID & TALBERT', '3744'),
            ('37', '1', 'MTUWTHF', '376476', '04:00', 'LA HABRA - 1ST & MAIN', '3741'),
            ('37', '1', 'MTUWTHF', '376477', '04:30', 'LA HABRA - 1ST & MAIN', '3743'),
            ('37', '1', 'MTUWTHF', '376478', '04:50', 'LA HABRA - 1ST & MAIN', 'XXX2'),
            ('37', '1', 'MTUWTHF', '376479', '05:07', 'LA HABRA - 1ST & MAIN', '7211'),
            ('37', '1', 'MTUWTHF', '376480', '05:27', 'LA HABRA - 1ST & MAIN', 'XXX'),
            ('37', '1', 'MTUWTHF', '376481', '05:41', 'LA HABRA - 1ST & MAIN', '3742'),
            ('37', '1', 'MTUWTHF', '376482', '05:57', 'LA HABRA - 1ST & MAIN', 'XXX1'),
            ('37', '1', 'MTUWTHF', '376483', '06:17', 'LA HABRA - 1ST & MAIN', 'XXX5'),
            ('37', '1', 'MTUWTHF', '376484', '06:33', 'LA HABRA - 1ST & MAIN', 'XXX4'),
            ('37', '1', 'MTUWTHF', '376485', '06:37', 'LA HABRA - 1ST & MAIN', 'XXXX'),
            ('37', '1', 'MTUWTHF', '376486', '07:08', 'LA HABRA - 1ST & MAIN', 'XXX3'),
            ('37', '1', 'MTUWTHF', '376487', '07:28', 'LA HABRA - 1ST & MAIN', '3743'),
            ('37', '1', 'MTUWTHF', '376488', '07:48', 'LA HABRA - 1ST & MAIN', '3744'),
            ('37', '1', 'MTUWTHF', '376489', '08:08', 'LA HABRA - 1ST & MAIN', 'XXX2'),
            ('37', '1', 'MTUWTHF', '376490', '08:28', 'LA HABRA - 1ST & MAIN', '3745'),
            ('37', '1', 'MTUWTHF', '376491', '08:50', 'LA HABRA - 1ST & MAIN', '3746'),
            ('37', '1', 'MTUWTHF', '376492', '08:48', 'LA HABRA - 1ST & MAIN', '3746'),
            ('37', '1', 'MTUWTHF', '376493', '09:10', 'LA HABRA - 1ST & MAIN', '3741'),
            ('37', '1', 'MTUWTHF', '376494', '09:30', 'LA HABRA - 1ST & MAIN', 'XXX4'),
            ('37', '1', 'MTUWTHF', '376495', '09:52', 'LA HABRA - 1ST & MAIN', 'XXX3'),
            ('37', '1', 'MTUWTHF', '376496', '10:12', 'LA HABRA - 1ST & MAIN', '3743'),
            ('37', '1', 'MTUWTHF', '376497', '10:32', 'LA HABRA - 1ST & MAIN', '3744'),
            ('37', '1', 'MTUWTHF', '376490', '10:52', 'LA HABRA - 1ST & MAIN', 'XXX2'),
            ('37', '1', 'MTUWTHF', '376491', '11:12', 'LA HABRA - 1ST & MAIN', 'XXXX'),
            ('37', '1', 'MTUWTHF', '376492', '11:34', 'LA HABRA - 1ST & MAIN', '3747'),
            ('37', '1', 'MTUWTHF', '376493', '11:54', 'LA HABRA - 1ST & MAIN', '3741'),
            ('37', '1', 'MTUWTHF', '376494', '12:14', 'LA HABRA - 1ST & MAIN', 'XXXX'),
            ('37', '1', 'MTUWTHF', '376495', '12:36', 'LA HABRA - 1ST & MAIN', 'XXX3'),
            ('37', '1', 'MTUWTHF', '376496', '12:56', 'LA HABRA - 1ST & MAIN', '3743'),
            ('37', '1', 'MTUWTHF', '376497', '13:16', 'LA HABRA - 1ST & MAIN', '3744'),
            ('37', '1', 'MTUWTHF', '376498', '13:36', 'LA HABRA - 1ST & MAIN', 'XXX6'),
            ('37', '1', 'MTUWTHF', '376499', '13:47', 'LA HABRA - 1ST & MAIN', 'XXX7'),
            ('37', '1', 'MTUWTHF', '376500', '14:07', 'LA HABRA - 1ST & MAIN', '3748'),
            ('37', '1', 'MTUWTHF', '376501', '14:27', 'LA HABRA - 1ST & MAIN', '3746'),
            ('37', '1', 'MTUWTHF', '376502', '14:47', 'LA HABRA - 1ST & MAIN', '3747'),
            ('37', '1', 'MTUWTHF', '376503', '15:07', 'LA HABRA - 1ST & MAIN', '3744'),
            ('37', '1', 'MTUWTHF', '376504', '15:27', 'LA HABRA - 1ST & MAIN', '3745'),
            ('37', '1', 'MTUWTHF', '376505', '15:47', 'LA HABRA - 1ST & MAIN', 'XXXX'),
            ('37', '1', 'MTUWTHF', '376506', '16:07', 'LA HABRA - 1ST & MAIN', 'XXX8'),
            ('37', '1', 'MTUWTHF', '376507', '16:23', 'LA HABRA - 1ST & MAIN', '3744'),
            ('37', '1', 'MTUWTHF', '376508', '16:43', 'LA HABRA - 1ST & MAIN', 'XXX6'),
            ('37', '1', 'MTUWTHF', '376509', '17:01', 'LA HABRA - 1ST & MAIN', '3749'),
            ('37', '1', 'MTUWTHF', '376510', '17:27', 'LA HABRA - 1ST & MAIN', '3748'),
            ('37', '1', 'MTUWTHF', '376511', '17:49', 'LA HABRA - 1ST & MAIN', '3746'),
            ('37', '1', 'MTUWTHF', '376512', '18:12', 'LA HABRA - 1ST & MAIN', '3747'),
            ('37', '1', 'MTUWTHF', '376513', '18:32', 'LA HABRA - 1ST & MAIN', 'XXX5'),
            ('37', '1', 'MTUWTHF', '376514', '18:52', 'LA HABRA - 1ST & MAIN', '3745'),
            ('37', '1', 'MTUWTHF', '376515', '19:17', 'LA HABRA - 1ST & MAIN', 'XXXX'),
            ('37', '1', 'MTUWTHF', '376516', '19:37', 'LA HABRA - 1ST & MAIN', '3744'),
            ('37', '1', 'MTUWTHF', '376517', '19:57', 'LA HABRA - 1ST & MAIN', '3750'),
            ('37', '1', 'MTUWTHF', '376518', '20:17', 'LA HABRA - 1ST & MAIN', '3749'),
            ('37', '1', 'MTUWTHF', '376519', '20:57', 'LA HABRA - 1ST & MAIN', '3748'),
            ('37', '1', 'MTUWTHF', '376520', '21:27', 'LA HABRA - 1ST & MAIN', '3746'),
            ('37', '1', 'MTUWTHF', '376521', '21:57', 'LA HABRA - 1ST & MAIN', 'XXXX'),
            ('37', '1', 'MTUWTHF', '376522', '22:27', 'LA HABRA - 1ST & MAIN', 'XXX4'),
            ('37', '1', 'MTUWTHF', '376523', '22:57', 'LA HABRA - 1ST & MAIN', '3744'),
            ('37', '1', 'MTUWTHF', '376524', '23:34', 'LA HABRA - 1ST & MAIN', 'XXXX'),
            ('37', '1', 'MTUWTHF', '376525', '24:04', 'LA HABRA - 1ST & MAIN', '3748'),
            ('37', '1', 'MTUWTHF', '376526', '24:34', 'LA HABRA - 1ST & MAIN', '3746'),

            --ROUTE 43--
            ('43', '1', 'MTUWTHF', '643376', '03:50', 'COSTA MESA - TRIANGLE SQUARE', '4341'),
            ('43', '1', 'MTUWTHF', '643377', '04:10', 'COSTA MESA - TRIANGLE SQUARE', '4342'),
            ('43', '1', 'MTUWTHF', '643378', '04:30', 'COSTA MESA - TRIANGLE SQUARE', '5441'),
            ('43', '1', 'MTUWTHF', '643379', '04:38', 'COSTA MESA - TRIANGLE SQUARE', '4344'),
            ('43', '1', 'MTUWTHF', '643380', '04:58', 'COSTA MESA - TRIANGLE SQUARE', '4743'),
            ('43', '1', 'MTUWTHF', '643381', '05:18', 'COSTA MESA - TRIANGLE SQUARE', '8342'),
            ('43', '1', 'MTUWTHF', '643382', '05:34', 'COSTA MESA - TRIANGLE SQUARE', '4313'),
            ('43', '1', 'MTUWTHF', '643383', '05:54', 'COSTA MESA - TRIANGLE SQUARE', '4311'),
            ('43', '1', 'MTUWTHF', '643384', '06:07', 'COSTA MESA - TRIANGLE SQUARE', '4343'),
            ('43', '1', 'MTUWTHF', '643385', '06:27', 'COSTA MESA - TRIANGLE SQUARE', '4346'),
            ('43', '1', 'MTUWTHF', '643386', '06:47', 'COSTA MESA - TRIANGLE SQUARE', '4341'),
            ('43', '1', 'MTUWTHF', '643387', '07:07', 'COSTA MESA - TRIANGLE SQUARE', '4342'),
            ('43', '1', 'MTUWTHF', '643388', '07:27', 'COSTA MESA - TRIANGLE SQUARE', '5543'),
            ('43', '1', 'MTUWTHF', '643389', '07:43', 'COSTA MESA - TRIANGLE SQUARE', '4347'),
            ('43', '1', 'MTUWTHF', '643390', '08:03', 'COSTA MESA - TRIANGLE SQUARE', '4314'),
            ('43', '1', 'MTUWTHF', '643391', '08:23', 'COSTA MESA - TRIANGLE SQUARE', '2915'),
            ('43', '1', 'MTUWTHF', '643392', '08:43', 'COSTA MESA - TRIANGLE SQUARE', '5516'),
            ('43', '1', 'MTUWTHF', '643393', '09:03', 'COSTA MESA - TRIANGLE SQUARE', '2913'),
            ('43', '1', 'MTUWTHF', '643394', '09:23', 'COSTA MESA - TRIANGLE SQUARE', '4311'),
            ('43', '1', 'MTUWTHF', '643395', '09:43', 'COSTA MESA - TRIANGLE SQUARE', '4343'),
            ('43', '1', 'MTUWTHF', '643396', '10:03', 'COSTA MESA - TRIANGLE SQUARE', '4346'),
            ('43', '1', 'MTUWTHF', '643397', '10:23', 'COSTA MESA - TRIANGLE SQUARE', '4341'),
            ('43', '1', 'MTUWTHF', '643398', '10:43', 'COSTA MESA - TRIANGLE SQUARE', '4312'),
            ('43', '1', 'MTUWTHF', '643399', '11:02', 'COSTA MESA - TRIANGLE SQUARE', '4316'),
            ('43', '1', 'MTUWTHF', '643400', '11:22', 'COSTA MESA - TRIANGLE SQUARE', '4347'),
            ('43', '1', 'MTUWTHF', '643401', '11:42', 'COSTA MESA - TRIANGLE SQUARE', '4314'),
            ('43', '1', 'MTUWTHF', '643402', '12:02', 'COSTA MESA - TRIANGLE SQUARE', '4348'),
            ('43', '1', 'MTUWTHF', '643403', '12:22', 'COSTA MESA - TRIANGLE SQUARE', '4315'),
            ('43', '1', 'MTUWTHF', '643404', '12:42', 'COSTA MESA - TRIANGLE SQUARE', '4344'),
            ('43', '1', 'MTUWTHF', '643405', '12:59', 'COSTA MESA - TRIANGLE SQUARE', '3722'),
            ('43', '1', 'MTUWTHF', '643406', '13:19', 'COSTA MESA - TRIANGLE SQUARE', '4311'),
            ('43', '1', 'MTUWTHF', '643407', '13:39', 'COSTA MESA - TRIANGLE SQUARE', '2941'),
            ('43', '1', 'MTUWTHF', '643408', '13:59', 'COSTA MESA - TRIANGLE SQUARE', '4341'),
            ('43', '1', 'MTUWTHF', '643409', '14:19', 'COSTA MESA - TRIANGLE SQUARE', '4346'),
            ('43', '1', 'MTUWTHF', '643410', '14:39', 'COSTA MESA - TRIANGLE SQUARE', '4312'),
            ('43', '1', 'MTUWTHF', '643411', '14:59', 'COSTA MESA - TRIANGLE SQUARE', '4316'),
            ('43', '1', 'MTUWTHF', '643412', '15:19', 'COSTA MESA - TRIANGLE SQUARE', '4347'),
            ('43', '1', 'MTUWTHF', '643413', '15:40', 'COSTA MESA - TRIANGLE SQUARE', '4318'),
            ('43', '1', 'MTUWTHF', '643414', '16:00', 'COSTA MESA - TRIANGLE SQUARE', '4314'),
            ('43', '1', 'MTUWTHF', '643415', '16:20', 'COSTA MESA - TRIANGLE SQUARE', '4348'),
            ('43', '1', 'MTUWTHF', '643416', '16:40', 'COSTA MESA - TRIANGLE SQUARE', '4315'),
            ('43', '1', 'MTUWTHF', '643417', '17:00', 'COSTA MESA - TRIANGLE SQUARE', '4317'),
            ('43', '1', 'MTUWTHF', '643418', '17:22', 'COSTA MESA - TRIANGLE SQUARE', '4311'),
            ('43', '1', 'MTUWTHF', '643419', '17:42', 'COSTA MESA - TRIANGLE SQUARE', '2941'),
            ('43', '1', 'MTUWTHF', '643420', '18:02', 'COSTA MESA - TRIANGLE SQUARE', '4313'),
            ('43', '1', 'MTUWTHF', '643421', '18:28', 'COSTA MESA - TRIANGLE SQUARE', '4346'),
            ('43', '1', 'MTUWTHF', '643422', '18:58', 'COSTA MESA - TRIANGLE SQUARE', '4312'),
            ('43', '1', 'MTUWTHF', '643423', '19:32', 'COSTA MESA - TRIANGLE SQUARE', '4347'),
            ('43', '1', 'MTUWTHF', '643424', '20:04', 'COSTA MESA - TRIANGLE SQUARE', '4314'),
            ('43', '1', 'MTUWTHF', '643425', '20:39', 'COSTA MESA - TRIANGLE SQUARE', '4315'),
            ('43', '1', 'MTUWTHF', '643426', '21:09', 'COSTA MESA - TRIANGLE SQUARE', '4311'),
            ('43', '1', 'MTUWTHF', '643427', '21:39', 'COSTA MESA - TRIANGLE SQUARE', '4313'),
            ('43', '1', 'MTUWTHF', '643428', '22:18', 'COSTA MESA - TRIANGLE SQUARE', '4346'),
            ('43', '1', 'MTUWTHF', '643429', '22:48', 'COSTA MESA - PARK & NEWPORT', '4312'),
            ('43', '1', 'MTUWTHF', '643430', '23:18', 'COSTA MESA - PARK & NEWPORT', '2949'),
            ('43', '1', 'MTUWTHF', '643431', '24:18', 'COSTA MESA - PARK & NEWPORT', '4318'),
            ('43', '1', 'MTUWTHF', '643476', '04:01', 'FULLERTON - NORTH COURT', '4711'),
            ('43', '1', 'MTUWTHF', '643477', '04:15', 'FULLERTON - NORTH COURT', '4313'),
            ('43', '1', 'MTUWTHF', '643478', '04:36', 'FULLERTON - NORTH COURT', '4343'),
            ('43', '1', 'MTUWTHF', '643479', '04:57', 'FULLERTON - NORTH COURT', '4744'),
            ('43', '1', 'MTUWTHF', '643480', '05:14', 'FULLERTON - NORTH COURT', '4341'),
            ('43', '1', 'MTUWTHF', '643481', '05:24', 'FULLERTON - NORTH COURT', '4342'),
            ('43', '1', 'MTUWTHF', '643482', '05:44', 'FULLERTON - NORTH COURT', '5441'),
            ('43', '1', 'MTUWTHF', '643483', '05:59', 'FULLERTON - NORTH COURT', '4345'),
            ('43', '1', 'MTUWTHF', '643484', '06:20', 'FULLERTON - NORTH COURT', '4715'),
            ('43', '1', 'MTUWTHF', '643485', '06:39', 'FULLERTON - NORTH COURT', '4743'), --INTERLINE WITH 83
            ('43', '1', 'MTUWTHF', '643486', '06:57', 'FULLERTON - NORTH COURT', '5516'),
            ('43', '1', 'MTUWTHF', '643487', '07:17', 'FULLERTON - NORTH COURT', '4313'),
            ('43', '1', 'MTUWTHF', '643488', '07:37', 'FULLERTON - NORTH COURT', '4311'),
            ('43', '1', 'MTUWTHF', '643489', '07:57', 'FULLERTON - NORTH COURT', '4343'),
            ('43', '1', 'MTUWTHF', '643490', '08:17', 'FULLERTON - NORTH COURT', '4346'),
            ('43', '1', 'MTUWTHF', '643491', '08:38', 'FULLERTON - NORTH COURT', '4341'),
            ('43', '1', 'MTUWTHF', '643492', '08:58', 'FULLERTON - NORTH COURT', '4342'),
            ('43', '1', 'MTUWTHF', '643493', '09:18', 'FULLERTON - NORTH COURT', '4714'),
            ('43', '1', 'MTUWTHF', '643494', '09:38', 'FULLERTON - NORTH COURT', '4347'),
            ('43', '1', 'MTUWTHF', '643495', '09:58', 'FULLERTON - NORTH COURT', '4314'),
            ('43', '1', 'MTUWTHF', '643496', '10:18', 'FULLERTON - NORTH COURT', '2915'),
            ('43', '1', 'MTUWTHF', '643497', '10:38', 'FULLERTON - NORTH COURT', '5730'),
            ('43', '1', 'MTUWTHF', '643490', '10:51', 'FULLERTON - NORTH COURT', '5743'),
            ('43', '1', 'MTUWTHF', '643491', '11:10', 'FULLERTON - NORTH COURT', '3722'),
            ('43', '1', 'MTUWTHF', '643492', '11:30', 'FULLERTON - NORTH COURT', '4311'),
            ('43', '1', 'MTUWTHF', '643493', '11:50', 'FULLERTON - NORTH COURT', '4343'),
            ('43', '1', 'MTUWTHF', '643494', '12:10', 'FULLERTON - NORTH COURT', '4341'),
            ('43', '1', 'MTUWTHF', '643495', '12:30', 'FULLERTON - NORTH COURT', '4346'),
            ('43', '1', 'MTUWTHF', '643496', '12:51', 'FULLERTON - NORTH COURT', '4312'),
            ('43', '1', 'MTUWTHF', '643497', '13:11', 'FULLERTON - NORTH COURT', '4316'),
            ('43', '1', 'MTUWTHF', '643498', '13:31', 'FULLERTON - NORTH COURT', '4347'),
            ('43', '1', 'MTUWTHF', '643499', '13:47', 'FULLERTON - NORTH COURT', '4314'),
            ('43', '1', 'MTUWTHF', '643430', '14:07', 'FULLERTON - NORTH COURT', '4348'),
            ('43', '1', 'MTUWTHF', '643431', '14:27', 'FULLERTON - NORTH COURT', '4315'),
            ('43', '1', 'MTUWTHF', '643432', '14:47', 'FULLERTON - NORTH COURT', '4317'),
            ('43', '1', 'MTUWTHF', '643433', '15:07', 'FULLERTON - NORTH COURT', '4344'),
            ('43', '1', 'MTUWTHF', '643434', '15:26', 'FULLERTON - NORTH COURT', '4311'),
            ('43', '1', 'MTUWTHF', '643435', '15:46', 'FULLERTON - NORTH COURT', '2941'),
            ('43', '1', 'MTUWTHF', '643436', '16:06', 'FULLERTON - NORTH COURT', '4341'),
            ('43', '1', 'MTUWTHF', '643437', '16:27', 'FULLERTON - NORTH COURT', '4346'),
            ('43', '1', 'MTUWTHF', '643438', '16:47', 'FULLERTON - NORTH COURT', '4312'),
            ('43', '1', 'MTUWTHF', '643439', '17:07', 'FULLERTON - NORTH COURT', '4316'),
            ('43', '1', 'MTUWTHF', '643510', '17:27', 'FULLERTON - NORTH COURT', '4347'),
            ('43', '1', 'MTUWTHF', '643511', '17:49', 'FULLERTON - NORTH COURT', '4318'),
            ('43', '1', 'MTUWTHF', '643512', '18:07', 'FULLERTON - NORTH COURT', '4314'),
            ('43', '1', 'MTUWTHF', '643513', '18:29', 'FULLERTON - NORTH COURT', '4348'),
            ('43', '1', 'MTUWTHF', '643514', '18:49', 'FULLERTON - NORTH COURT', '4315'),
            ('43', '1', 'MTUWTHF', '643515', '19:18', 'FULLERTON - NORTH COURT', '4311'),
            ('43', '1', 'MTUWTHF', '643516', '19:49', 'FULLERTON - NORTH COURT', '4313'),
            ('43', '1', 'MTUWTHF', '643517', '20:19', 'FULLERTON - NORTH COURT', '4346'),
            ('43', '1', 'MTUWTHF', '643518', '20:49', 'FULLERTON - NORTH COURT', '4312'),
            ('43', '1', 'MTUWTHF', '643519', '21:37', 'FULLERTON - NORTH COURT', '4347'),
            ('43', '1', 'MTUWTHF', '643520', '22:02', 'FULLERTON - NORTH COURT', '2949'),
            ('43', '1', 'MTUWTHF', '643521', '22:32', 'FULLERTON - NORTH COURT', '4315'),
            ('43', '1', 'MTUWTHF', '643522', '23:32', 'FULLERTON TRANSPORTATION CENTER', '4313'),
            ('43', '1', 'MTUWTHF', '643523', '24:32', 'FULLERTON TRANSPORTATION CENTER', '4312'),

            --ROUTE 47/47A--
            ('47', '1', 'MTUWTHF', '647376', '03:50', 'FULLERTON TRANSPORTATION CENTER', '4741'),
            ('47', '1', 'MTUWTHF', '647377', '04:20', 'FULLERTON TRANSPORTATION CENTER', '4712'),
            ('47', '1', 'MTUWTHF', '647378', '04:48', 'FULLERTON TRANSPORTATION CENTER', '5511'),
            ('47', '1', 'MTUWTHF', '647379', '05:10', 'FULLERTON TRANSPORTATION CENTER', '4714'),
            ('47A', '1', 'MTUWTHF', '647380', '05:23', 'FULLERTON TRANSPORTATION CENTER', '4745'), 
            ('47', '1', 'MTUWTHF', '647381', '05:45', 'FULLERTON TRANSPORTATION CENTER', '4747'), 
            ('47', '1', 'MTUWTHF', '647382', '06:00', 'FULLERTON TRANSPORTATION CENTER', '3712'), 
            ('47', '1', 'MTUWTHF', '647383', '06:07', 'FULLERTON TRANSPORTATION CENTER', '4742'), 
            ('47A', '1', 'MTUWTHF', '647384', '06:25', 'FULLERTON TRANSPORTATION CENTER', '4344'), 
            ('47', '1', 'MTUWTHF', '647385', '06:49', 'FULLERTON TRANSPORTATION CENTER', '4713'), 
            ('47', '1', 'MTUWTHF', '647386', '07:04', 'FULLERTON TRANSPORTATION CENTER', '2918'), 
            ('47', '1', 'MTUWTHF', '647387', '07:19', 'FULLERTON TRANSPORTATION CENTER', '4741'), --INTERLINE WITH 37 SOUTH
            ('47A', '1', 'MTUWTHF', '647388', '07:30', 'FULLERTON TRANSPORTATION CENTER', '4711'), 
            ('47', '1', 'MTUWTHF', '647389', '07:54', 'FULLERTON TRANSPORTATION CENTER', '4746'), 
            ('47', '1', 'MTUWTHF', '647390', '08:12', 'FULLERTON TRANSPORTATION CENTER', '4712'), 
            ('47A', '1', 'MTUWTHF', '647391', '08:25', 'FULLERTON TRANSPORTATION CENTER', '4748'), 
            ('47', '1', 'MTUWTHF', '647392', '08:55', 'FULLERTON TRANSPORTATION CENTER', '4715'), 
            ('47', '1', 'MTUWTHF', '647393', '09:15', 'FULLERTON TRANSPORTATION CENTER', '4717'), 
            ('47A', '1', 'MTUWTHF', '647394', '09:26', 'FULLERTON TRANSPORTATION CENTER', '4745'), 
            ('47', '1', 'MTUWTHF', '647395', '09:55', 'FULLERTON TRANSPORTATION CENTER', '4348'), 
            ('47', '1', 'MTUWTHF', '647396', '10:18', 'FULLERTON TRANSPORTATION CENTER', '4344'), 
            ('47A', '1', 'MTUWTHF', '647397', '10:26', 'FULLERTON TRANSPORTATION CENTER', '4742'), 
            ('47', '1', 'MTUWTHF', '647398', '10:55', 'FULLERTON TRANSPORTATION CENTER', '4313'), 
            ('47', '1', 'MTUWTHF', '647399', '11:15', 'FULLERTON TRANSPORTATION CENTER', '2913'), 
            ('47A', '1', 'MTUWTHF', '647400', '11:26', 'FULLERTON TRANSPORTATION CENTER', '4713'), 
            ('47', '1', 'MTUWTHF', '647401', '11:55', 'FULLERTON TRANSPORTATION CENTER', '4711'), 
            ('47', '1', 'MTUWTHF', '647402', '12:15', 'FULLERTON TRANSPORTATION CENTER', '4746'), 
            ('47A', '1', 'MTUWTHF', '647403', '12:26', 'FULLERTON TRANSPORTATION CENTER', '4712'), 
            ('47', '1', 'MTUWTHF', '647404', '12:54', 'FULLERTON TRANSPORTATION CENTER', '4718'), 
            ('47', '1', 'MTUWTHF', '647405', '13:16', 'FULLERTON TRANSPORTATION CENTER', '4743'),
            ('47A', '1', 'MTUWTHF', '647406', '13:30', 'FULLERTON TRANSPORTATION CENTER', '4714'), 
            ('47', '1', 'MTUWTHF', '647407', '13:54', 'FULLERTON TRANSPORTATION CENTER', '4748'), 
            ('47', '1', 'MTUWTHF', '647408', '14:12', 'FULLERTON TRANSPORTATION CENTER', '4750'), 
            ('47A', '1', 'MTUWTHF', '647409', '14:18', 'FULLERTON TRANSPORTATION CENTER', '4745'),
            ('47', '1', 'MTUWTHF', '647410', '14:36', 'SANTA ANA - FAIRVIEW & WESTMINSTER', '4752'), --UNIT 5702
            ('47', '1', 'MTUWTHF', '647411', '14:42', 'FULLERTON TRANSPORTATION CENTER', '4742'),
            ('47', '1', 'MTUWTHF', '647412', '14:49', 'SANTA ANA - FAIRVIEW & WESTMINSTER', '4753'), 
            ('47', '1', 'MTUWTHF', '647413', '14:58', 'FULLERTON TRANSPORTATION CENTER', '4720'),
            ('47A', '1', 'MTUWTHF', '647414', '15:05', 'FULLERTON TRANSPORTATION CENTER', '4751'), 
            ('47', '1', 'MTUWTHF', '647415', '15:26', 'FULLERTON TRANSPORTATION CENTER', '4313'),
            ('47', '1', 'MTUWTHF', '647416', '15:42', 'FULLERTON TRANSPORTATION CENTER', '4741'), 
            ('47', '1', 'MTUWTHF', '647417', '15:58', 'FULLERTON TRANSPORTATION CENTER', '4754'),
            ('47A', '1', 'MTUWTHF', '647418', '16:07', 'FULLERTON TRANSPORTATION CENTER', '4711'), 
            ('47', '1', 'MTUWTHF', '647419', '16:30', 'FULLERTON TRANSPORTATION CENTER', '4343'),
            ('47', '1', 'MTUWTHF', '647420', '16:46', 'FULLERTON TRANSPORTATION CENTER', '4746'), 
            ('47', '1', 'MTUWTHF', '647421', '17:08', 'FULLERTON TRANSPORTATION CENTER', '116'), --UNIT 5702
            ('47A', '1', 'MTUWTHF', '647422', '17:14', 'FULLERTON TRANSPORTATION CENTER', '4719'), 
            ('47', '1', 'MTUWTHF', '647423', '17:39', 'FULLERTON TRANSPORTATION CENTER', '4743'),
            ('47', '1', 'MTUWTHF', '647424', '18:02', 'FULLERTON TRANSPORTATION CENTER', '4755'),
            ('47', '1', 'MTUWTHF', '647425', '18:14', 'FULLERTON TRANSPORTATION CENTER', '4714'),
            ('47', '1', 'MTUWTHF', '647426', '18:44', 'FULLERTON TRANSPORTATION CENTER', '4750'),
            ('47', '1', 'MTUWTHF', '647427', '19:08', 'FULLERTON TRANSPORTATION CENTER', '2924'),
            ('47', '1', 'MTUWTHF', '647428', '19:46', 'FULLERTON TRANSPORTATION CENTER', '2917'),
            ('47', '1', 'MTUWTHF', '647447', '20:09', 'FULLERTON TRANSPORTATION CENTER', '4741'),
            ('47', '1', 'MTUWTHF', '647430', '20:47', 'FULLERTON TRANSPORTATION CENTER', '4756'),
            ('47', '1', 'MTUWTHF', '647431', '21:09', 'FULLERTON TRANSPORTATION CENTER', '4343'),
            ('47', '1', 'MTUWTHF', '647432', '21:47', 'FULLERTON TRANSPORTATION CENTER', '4757'), --UNIT 5702
            ('47', '1', 'MTUWTHF', '647433', '22:09', 'FULLERTON TRANSPORTATION CENTER', '4743'),

            ('47', '1', 'MTUWTHF', '647476', '04:26', 'BALBOA ISLAND - BALBOA & 23RD', '4742'), 
            ('47', '1', 'MTUWTHF', '647477', '04:42', 'BALBOA ISLAND - BALBOA & 23RD', '3712'),   
            ('47', '1', 'MTUWTHF', '647478', '04:50', 'BALBOA ISLAND - BALBOA & 23RD', '4713'),   
            ('47A', '1', 'MTUWTHF', '647479', '05:15', 'BALBOA ISLAND - OCEANFRONT & PALM', '4741'), 
            ('47', '1', 'MTUWTHF', '647480', '05:35', 'BALBOA ISLAND - BALBOA & 23RD', '4711'), 
            ('47', '1', 'MTUWTHF', '647479', '05:43', 'BALBOA ISLAND - BALBOA & 23RD', '4746'),
            ('47', '1', 'MTUWTHF', '647480', '05:58', 'BALBOA ISLAND - BALBOA & 23RD', '4712'),  
            ('47A', '1', 'MTUWTHF', '647481', '06:13', 'BALBOA ISLAND - OCEANFRONT & PALM', '4748'), 
            ('47', '1', 'MTUWTHF', '647482', '06:20', 'BALBOA ISLAND - BALBOA & 23RD', '4744'),  
            ('47', '1', 'MTUWTHF', '647483', '06:36', 'BALBOA ISLAND - BALBOA & 23RD', '4715'), 
            ('47', '1', 'MTUWTHF', '647484', '06:52', 'BALBOA ISLAND - BALBOA & 23RD', '4714'),   
            ('47', '1', 'MTUWTHF', '647481', '07:00', 'COSTA MESA - FAIRVIEW & ARLINGTON', '4716'), 
            ('47A', '1', 'MTUWTHF', '647482', '07:08', 'BALBOA ISLAND - OCEANFRONT & PALM', '4717'),  
            ('47', '1', 'MTUWTHF', '647483', '07:23', 'BALBOA ISLAND - BALBOA & 23RD', '4745'), 
            ('47', '1', 'MTUWTHF', '647484', '07:38', 'BALBOA ISLAND - BALBOA & 23RD', '4747'), 
            ('47', '1', 'MTUWTHF', '647485', '07:52', 'BALBOA ISLAND - BALBOA & 23RD', '5517'), 
            ('47A', '1', 'MTUWTHF', '647486', '08:10', 'BALBOA ISLAND - OCEANFRONT & PALM', '4742'), 
            ('47', '1', 'MTUWTHF', '647487', '08:24', 'BALBOA ISLAND - BALBOA & 23RD', '4344'),   
            ('47', '1', 'MTUWTHF', '647488', '08:39', 'BALBOA ISLAND - BALBOA & 23RD', '4749'), --UNIT 5702
            ('47', '1', 'MTUWTHF', '647489', '08:59', 'BALBOA ISLAND - BALBOA & 23RD', '4313'),   
            ('47A', '1', 'MTUWTHF', '647490', '09:16', 'BALBOA ISLAND - OCEANFRONT & PALM', '4713'), 
            ('47', '1', 'MTUWTHF', '647491', '09:36', 'BALBOA ISLAND - BALBOA & 23RD', '4711'),   
            ('47', '1', 'MTUWTHF', '647492', '09:55', 'BALBOA ISLAND - BALBOA & 23RD', '4746'),   
            ('47A', '1', 'MTUWTHF', '647493', '10:14', 'BALBOA ISLAND - OCEANFRONT & PALM', '4712'),   
            ('47', '1', 'MTUWTHF', '647494', '10:34', 'BALBOA ISLAND - BALBOA & 23RD', '4748'), 
            ('47', '1', 'MTUWTHF', '647495', '10:54', 'BALBOA ISLAND - BALBOA & 23RD', '4743'), --COMING FROM THE 83  
            ('47A', '1', 'MTUWTHF', '647496', '11:14', 'BALBOA ISLAND - OCEANFRONT & PALM', '4714'),   
            ('47', '1', 'MTUWTHF', '647497', '11:34', 'BALBOA ISLAND - BALBOA & 23RD', '4717'),   
            ('47A', '1', 'MTUWTHF', '647498', '11:54', 'BALBOA ISLAND - OCEANFRONT & PALM', '4745'), 
            ('47', '1', 'MTUWTHF', '647509', '12:12', 'BALBOA ISLAND - BALBOA & 23RD', '4750'),   
            ('47', '1', 'MTUWTHF', '647500', '12:32', 'BALBOA ISLAND - BALBOA & 23RD', '4742'),   
            ('47A', '1', 'MTUWTHF', '647511', '12:52', 'BALBOA ISLAND - OCEANFRONT & PALM', '4751'),   
            ('47', '1', 'MTUWTHF', '647502', '13:12', 'BALBOA ISLAND - BALBOA & 23RD', '4313'), 
            ('47', '1', 'MTUWTHF', '647503', '13:32', 'BALBOA ISLAND - BALBOA & 23RD', '4741'), --COMING FROM THE 37
            ('47A', '1', 'MTUWTHF', '647504', '13:52', 'BALBOA ISLAND - OCEANFRONT & PALM', '4711'),   
            ('47', '1', 'MTUWTHF', '647505', '14:08', 'BALBOA ISLAND - BALBOA & 23RD', '4343'),   
            ('47', '1', 'MTUWTHF', '647506', '14:28', 'BALBOA ISLAND - BALBOA & 23RD', '4746'),  
            ('47A', '1', 'MTUWTHF', '647507', '14:47', 'BALBOA ISLAND - OCEANFRONT & PALM', '4719'),   
            ('47', '1', 'MTUWTHF', '647508', '15:02', 'BALBOA ISLAND - BALBOA & 23RD', 'XXXX'),   
            ('47', '1', 'MTUWTHF', '647509', '15:19', 'BALBOA ISLAND - BALBOA & 23RD', '4743'),   
            ('47', '1', 'MTUWTHF', '647510', '15:38', 'BALBOA ISLAND - BALBOA & 23RD', '4755'),  
            ('47A', '1', 'MTUWTHF', '647511', '15:51', 'BALBOA ISLAND - OCEANFRONT & PALM', '4714'),   
            ('47', '1', 'MTUWTHF', '647512', '16:09', 'BALBOA ISLAND - BALBOA & 23RD', '144'),  
            ('47', '1', 'MTUWTHF', '647513', '16:26', 'BALBOA ISLAND - BALBOA & 23RD', '4750'),   
            ('47A', '1', 'MTUWTHF', '647514', '16:42', 'BALBOA ISLAND - OCEANFRONT & PALM', '4745'),  
            ('47', '1', 'MTUWTHF', '647515', '16:55', 'BALBOA ISLAND - BALBOA & 23RD', '4742'),   
            ('47', '1', 'MTUWTHF', '647516', '17:15', 'BALBOA ISLAND - BALBOA & 23RD', '4720'),   
            ('47', '1', 'MTUWTHF', '647517', '17:30', 'BALBOA ISLAND - BALBOA & 23RD', '2917'),   
            ('47', '1', 'MTUWTHF', '647518', '17:50', 'BALBOA ISLAND - OCEANFRONT & PALM', '4721'), 
            ('47', '1', 'MTUWTHF', '647519', '18:12', 'BALBOA ISLAND - BALBOA & 23RD', '4741'), 
            ('47', '1', 'MTUWTHF', '647520', '18:33', 'BALBOA ISLAND - BALBOA & 23RD', '4756'),    
            ('47', '1', 'MTUWTHF', '647521', '18:54', 'BALBOA ISLAND - OCEANFRONT & PALM', '4343'),  
            ('47', '1', 'MTUWTHF', '647522', '19:14', 'BALBOA ISLAND - BALBOA & 23RD', '4316'), 
            ('47', '1', 'MTUWTHF', '647523', '19:34', 'BALBOA ISLAND - BALBOA & 23RD', '4719'),        
            ('47', '1', 'MTUWTHF', '647524', '19:54', 'BALBOA ISLAND - OCEANFRONT & PALM', '4743'),
            ('47', '1', 'MTUWTHF', '647525', '20:30', 'BALBOA ISLAND - BALBOA & 23RD', '4348'),     
            ('47', '1', 'MTUWTHF', '647526', '21:00', 'BALBOA ISLAND - OCEANFRONT & PALM', '4714'),  
            ('47', '1', 'MTUWTHF', '647527', '21:29', 'BALBOA ISLAND - BALBOA & 23RD', '2917'), 
            ('47', '1', 'MTUWTHF', '647528', '21:59', 'BALBOA ISLAND - OCEANFRONT & PALM', '83XX'), --RESERVE FOR 83 BUS  

            --ROUTE 50--
            ('50', '1', 'MTUWTHF', '650376', '03:47', 'LONG BEACH - CAL STATE LONG BEACH', '2911'),
            ('50', '1', 'MTUWTHF', '650377', '04:11', 'LONG BEACH - CAL STATE LONG BEACH', '112'),
            ('50', '1', 'MTUWTHF', '650378', '04:41', 'LONG BEACH - CAL STATE LONG BEACH', '6044'),
            ('50', '1', 'MTUWTHF', '650380', '05:11', 'LONG BEACH - CAL STATE LONG BEACH', '6446'),
            ('50', '1', 'MTUWTHF', '650381', '05:39', 'LONG BEACH - CAL STATE LONG BEACH', '5714'),
            ('50', '1', 'MTUWTHF', '650382', '06:05', 'LONG BEACH - CAL STATE LONG BEACH', '4312'),
            ('50', '1', 'MTUWTHF', '650383', '06:35', 'LONG BEACH - CAL STATE LONG BEACH', '5720'),
            ('50', '1', 'MTUWTHF', '650384', '06:42', 'CYPRESS - KATELLA & KNOTT', '5041'),
            ('50', '1', 'MTUWTHF', '650385', '07:05', 'LONG BEACH - CAL STATE LONG BEACH', '2911'),
            ('50', '1', 'MTUWTHF', '650386', '07:12', 'CYPRESS - KATELLA & KNOTT', '5012'),
            ('50', '1', 'MTUWTHF', '650387', '07:35', 'LONG BEACH - CAL STATE LONG BEACH', '5441'),
            ('50', '1', 'MTUWTHF', '650388', '07:42', 'CYPRESS - KATELLA & KNOTT', '5042'),
            ('50', '1', 'MTUWTHF', '650389', '08:05', 'LONG BEACH - CAL STATE LONG BEACH', '4345'),
            ('50', '1', 'MTUWTHF', '650390', '08:12', 'CYPRESS - KATELLA & KNOTT', '5043'),
            ('50', '1', 'MTUWTHF', '650391', '08:35', 'LONG BEACH - CAL STATE LONG BEACH', '5011'),
            ('50', '1', 'MTUWTHF', '650392', '08:42', 'CYPRESS - KATELLA & KNOTT', '5041'),
            ('50', '1', 'MTUWTHF', '650393', '09:05', 'LONG BEACH - CAL STATE LONG BEACH', '5013'),
            ('50', '1', 'MTUWTHF', '650394', '09:35', 'LONG BEACH - CAL STATE LONG BEACH', '5741'),
            ('50', '1', 'MTUWTHF', '650395', '10:03', 'LONG BEACH - CAL STATE LONG BEACH', '5717'),
            ('50', '1', 'MTUWTHF', '650396', '10:33', 'LONG BEACH - CAL STATE LONG BEACH', '119'),
            ('50', '1', 'MTUWTHF', '650397', '11:03', 'LONG BEACH - CAL STATE LONG BEACH', '4342'),
            ('50', '1', 'MTUWTHF', '650398', '11:33', 'LONG BEACH - CAL STATE LONG BEACH', '6045'),
            ('50', '1', 'MTUWTHF', '650399', '12:03', 'LONG BEACH - CAL STATE LONG BEACH', '6647'),
            ('50', '1', 'MTUWTHF', '650400', '12:33', 'LONG BEACH - CAL STATE LONG BEACH', '5011'),
            ('50', '1', 'MTUWTHF', '650401', '13:03', 'LONG BEACH - CAL STATE LONG BEACH', '5013'),
            ('50', '1', 'MTUWTHF', '650402', '13:33', 'LONG BEACH - CAL STATE LONG BEACH', '5014'),
            ('50', '1', 'MTUWTHF', '650403', '14:03', 'LONG BEACH - CAL STATE LONG BEACH', '5015'),
            ('50', '1', 'MTUWTHF', '650404', '14:33', 'LONG BEACH - CAL STATE LONG BEACH', '5019'),
            ('50', '1', 'MTUWTHF', '650405', '15:03', 'LONG BEACH - CAL STATE LONG BEACH', '5016'),
            ('50', '1', 'MTUWTHF', '650406', '15:33', 'LONG BEACH - CAL STATE LONG BEACH', '5017'),
            ('50', '1', 'MTUWTHF', '650407', '15:43', 'CYPRESS - KATELLA & KNOTT', '5044'),
            ('50', '1', 'MTUWTHF', '650408', '16:03', 'LONG BEACH - CAL STATE LONG BEACH', '5018'),
            ('50', '1', 'MTUWTHF', '650409', '16:13', 'CYPRESS - KATELLA & KNOTT', '5045'),
            ('50', '1', 'MTUWTHF', '650410', '16:33', 'LONG BEACH - CAL STATE LONG BEACH', '5011'),
            ('50', '1', 'MTUWTHF', '650411', '16:43', 'CYPRESS - KATELLA & KNOTT', '5046'),
            ('50', '1', 'MTUWTHF', '650412', '17:00', 'LONG BEACH - CAL STATE LONG BEACH', '4748'),
            ('50', '1', 'MTUWTHF', '650413', '17:13', 'CYPRESS - KATELLA & KNOTT', '5020'),
            ('50', '1', 'MTUWTHF', '650414', '17:30', 'LONG BEACH - CAL STATE LONG BEACH', '5014'),
            ('50', '1', 'MTUWTHF', '650415', '17:43', 'CYPRESS - KATELLA & KNOTT', '5044'),
            ('50', '1', 'MTUWTHF', '650416', '18:00', 'LONG BEACH - CAL STATE LONG BEACH', '5015'),
            ('50', '1', 'MTUWTHF', '650417', '18:35', 'LONG BEACH - CAL STATE LONG BEACH', '4341'),
            ('50', '1', 'MTUWTHF', '650418', '19:05', 'LONG BEACH - CAL STATE LONG BEACH', '4754'),
            ('50', '1', 'MTUWTHF', '650419', '19:35', 'LONG BEACH - CAL STATE LONG BEACH', '116'),
            ('50', '1', 'MTUWTHF', '650420', '20:05', 'LONG BEACH - CAL STATE LONG BEACH', '4318'),
            ('50', '1', 'MTUWTHF', '650421', '20:35', 'LONG BEACH - CAL STATE LONG BEACH', '5011'),
            ('50', '1', 'MTUWTHF', '650422', '21:11', 'LONG BEACH - CAL STATE LONG BEACH', '4750'),
            ('50', '1', 'MTUWTHF', '650423', '21:41', 'LONG BEACH - CAL STATE LONG BEACH', '5014'),
            ('50', '1', 'MTUWTHF', '650424', '22:11', 'LONG BEACH - CAL STATE LONG BEACH', '5015'),
            ('50', '1', 'MTUWTHF', '650425', '22:41', 'LONG BEACH - CAL STATE LONG BEACH', '5022'),
            ('50', '1', 'MTUWTHF', '650426', '23:26', 'LONG BEACH - CAL STATE LONG BEACH', '5023'),
            ('50', '1', 'MTUWTHF', '650427', '24:26', 'LONG BEACH - CAL STATE LONG BEACH', '5024'),
            ('50', '1', 'MTUWTHF', '650476', '04:00', 'THE VILLAGE AT ORANGE', '5714'),
            ('50', '1', 'MTUWTHF', '650477', '04:24', 'THE VILLAGE AT ORANGE', '4312'),
            ('50', '1', 'MTUWTHF', '650478', '04:54', 'THE VILLAGE AT ORANGE', '5720'),
            ('50', '1', 'MTUWTHF', '650479', '05:20', 'THE VILLAGE AT ORANGE', '2911'),
            ('50', '1', 'MTUWTHF', '650480', '05:50', 'THE VILLAGE AT ORANGE', '4314'),
            ('50', '1', 'MTUWTHF', '650481', '06:12', 'THE VILLAGE AT ORANGE', '2915'),
            ('50', '1', 'MTUWTHF', '650482', '06:28', 'ANAHEIM REGIONAL TRANSPORTATION INTERMODAL CENTER', '5012'),
            ('50', '1', 'MTUWTHF', '650483', '06:42', 'THE VILLAGE AT ORANGE', '5011'),
            ('50', '1', 'MTUWTHF', '650484', '06:58', 'ANAHEIM REGIONAL TRANSPORTATION INTERMODAL CENTER', '5042'),
            ('50', '1', 'MTUWTHF', '650485', '07:12', 'THE VILLAGE AT ORANGE', '5013'),
            ('50', '1', 'MTUWTHF', '650486', '07:28', 'ANAHEIM REGIONAL TRANSPORTATION INTERMODAL CENTER', '5043'),
            ('50', '1', 'MTUWTHF', '650487', '07:42', 'THE VILLAGE AT ORANGE', '5714'),
            ('50', '1', 'MTUWTHF', '650488', '07:48', 'ANAHEIM REGIONAL TRANSPORTATION INTERMODAL CENTER', '5041'),
            ('50', '1', 'MTUWTHF', '650489', '08:12', 'THE VILLAGE AT ORANGE', '4312'),
            ('50', '1', 'MTUWTHF', '650490', '08:22', 'ANAHEIM REGIONAL TRANSPORTATION INTERMODAL CENTER', '5012'), --INTERLINE TO THE 53X
            ('50', '1', 'MTUWTHF', '650491', '08:42', 'THE VILLAGE AT ORANGE', '5720'),
            ('50', '1', 'MTUWTHF', '650492', '08:52', 'ANAHEIM REGIONAL TRANSPORTATION INTERMODAL CENTER', '5042'),
            ('50', '1', 'MTUWTHF', '650493', '09:12', 'THE VILLAGE AT ORANGE', '5725'),
            ('50', '1', 'MTUWTHF', '650494', '09:42', 'THE VILLAGE AT ORANGE', '5727'),
            ('50', '1', 'MTUWTHF', '650495', '10:12', 'THE VILLAGE AT ORANGE', '4315'),
            ('50', '1', 'MTUWTHF', '650496', '10:42', 'THE VILLAGE AT ORANGE', '5011'),
            ('50', '1', 'MTUWTHF', '650497', '11:12', 'THE VILLAGE AT ORANGE', '5013'),
            ('50', '1', 'MTUWTHF', '650490', '11:42', 'THE VILLAGE AT ORANGE', '5014'),
            ('50', '1', 'MTUWTHF', '650491', '12:07', 'THE VILLAGE AT ORANGE', '5015'),
            ('50', '1', 'MTUWTHF', '650492', '12:36', 'THE VILLAGE AT ORANGE', '5734'),
            ('50', '1', 'MTUWTHF', '650493', '13:12', 'THE VILLAGE AT ORANGE', '5016'),
            ('50', '1', 'MTUWTHF', '650494', '13:42', 'THE VILLAGE AT ORANGE', '5017'),
            ('50', '1', 'MTUWTHF', '650495', '14:12', 'THE VILLAGE AT ORANGE', '5018'),
            ('50', '1', 'MTUWTHF', '650496', '14:42', 'THE VILLAGE AT ORANGE', '5011'),
            ('50', '1', 'MTUWTHF', '650497', '14:53', 'ANAHEIM REGIONAL TRANSPORTATION INTERMODAL CENTER', '5044'),
            ('50', '1', 'MTUWTHF', '650498', '15:12', 'THE VILLAGE AT ORANGE', '5013'),
            ('50', '1', 'MTUWTHF', '650499', '15:23', 'ANAHEIM REGIONAL TRANSPORTATION INTERMODAL CENTER', '5045'),
            ('50', '1', 'MTUWTHF', '650500', '15:39', 'THE VILLAGE AT ORANGE', '5014'),
            ('50', '1', 'MTUWTHF', '650501', '15:53', 'ANAHEIM REGIONAL TRANSPORTATION INTERMODAL CENTER', '5046'),
            ('50', '1', 'MTUWTHF', '650502', '16:09', 'THE VILLAGE AT ORANGE', '5015'),
            ('50', '1', 'MTUWTHF', '650503', '16:23', 'ANAHEIM REGIONAL TRANSPORTATION INTERMODAL CENTER', '5020'),
            ('50', '1', 'MTUWTHF', '650504', '16:36', 'THE VILLAGE AT ORANGE', '5019'),
            ('50', '1', 'MTUWTHF', '650505', '16:53', 'ANAHEIM REGIONAL TRANSPORTATION INTERMODAL CENTER', '5044'),
            ('50', '1', 'MTUWTHF', '650506', '17:06', 'THE VILLAGE AT ORANGE', '5016'),
            ('50', '1', 'MTUWTHF', '650507', '17:23', 'ANAHEIM REGIONAL TRANSPORTATION INTERMODAL CENTER', '5045'),
            ('50', '1', 'MTUWTHF', '650508', '17:42', 'THE VILLAGE AT ORANGE', '5017'),
            ('50', '1', 'MTUWTHF', '650509', '17:53', 'ANAHEIM REGIONAL TRANSPORTATION INTERMODAL CENTER', '5046'),
            ('50', '1', 'MTUWTHF', '650510', '18:12', 'THE VILLAGE AT ORANGE', '5018'),
            ('50', '1', 'MTUWTHF', '650511', '18:50', 'THE VILLAGE AT ORANGE', '5011'),
            ('50', '1', 'MTUWTHF', '650512', '19:20', 'THE VILLAGE AT ORANGE', '5021'),
            ('50', '1', 'MTUWTHF', '650513', '19:50', 'THE VILLAGE AT ORANGE', '5014'),
            ('50', '1', 'MTUWTHF', '650514', '20:20', 'THE VILLAGE AT ORANGE', '5015'),
            ('50', '1', 'MTUWTHF', '650515', '20:50', 'THE VILLAGE AT ORANGE', '5022'),
            ('50', '1', 'MTUWTHF', '650516', '21:20', 'THE VILLAGE AT ORANGE', '5023'),
            ('50', '1', 'MTUWTHF', '650517', '21:50', 'THE VILLAGE AT ORANGE', '113'),
            ('50', '1', 'MTUWTHF', '650518', '22:30', 'THE VILLAGE AT ORANGE', '5011'),
            ('50', '1', 'MTUWTHF', '650519', '23:00', 'THE VILLAGE AT ORANGE', '5024'),
            ('50', '1', 'MTUWTHF', '650520', '23:33', 'THE VILLAGE AT ORANGE', '5015'),
            ('50', '1', 'MTUWTHF', '650521', '24:42', 'THE VILLAGE AT ORANGE', '5023'),

            --ROUTE 53/53X--
            ('53', '1', 'MTUWTHF', '653376', '04:03', 'SANTA ANA - MACARTHUR BLVD & MACARTHUR PLACE', '5311'),
            ('53', '1', 'MTUWTHF', '653377', '04:33', 'SANTA ANA - MACARTHUR BLVD & MACARTHUR PLACE', '5342'),
            ('53', '1', 'MTUWTHF', '653378', '04:43', 'IRVINE - WEST YALE & ALTON', '5312'),
            ('53', '1', 'MTUWTHF', '653379', '04:55', 'SANTA ANA - MACARTHUR BLVD & MACARTHUR PLACE', '5341'),
            ('53', '1', 'MTUWTHF', '653380', '05:04', 'IRVINE - WEST YALE & ALTON', '5345'), 
            ('53', '1', 'MTUWTHF', '653381', '05:16', 'SANTA ANA - MACARTHUR BLVD & MACARTHUR PLACE', '5343'), 
            ('53', '1', 'MTUWTHF', '653382', '05:27', 'IRVINE - WEST YALE & ALTON', '5315'), 
            ('53', '1', 'MTUWTHF', '653383', '05:37', 'SANTA ANA - MACARTHUR BLVD & MACARTHUR PLACE', '5344'),
            ('53X', '1', 'MTUWTHF', '653385', '05:48', 'IRVINE - WEST YALE & ALTON XPRESS', '5346'), 
            ('53', '1', 'MTUWTHF', '653375', '05:56', 'SANTA ANA - MACARTHUR BLVD & MACARTHUR PLACE', '5314'),
            ('53X', '1', 'MTUWTHF', '653386', '06:08', 'IRVINE - WEST YALE & ALTON XPRESS', '5317'), 
            ('53', '1', 'MTUWTHF', '653387', '06:16', 'SANTA ANA - MACARTHUR BLVD & MACARTHUR PLACE', '5342'), 
            ('53X', '1', 'MTUWTHF', '653388', '06:28', 'IRVINE - WEST YALE & ALTON XPRESS', '5311'), 
            ('53', '1', 'MTUWTHF', '653389', '06:36', 'SANTA ANA - MACARTHUR BLVD & MACARTHUR PLACE', '5316'), 
            ('53X', '1', 'MTUWTHF', '653390', '06:48', 'IRVINE - WEST YALE & ALTON XPRESS', '5341'), 
            ('53', '1', 'MTUWTHF', '653391', '06:57', 'SANTA ANA - MACARTHUR BLVD & MACARTHUR PLACE', '5312'), 
            ('53X', '1', 'MTUWTHF', '653392', '07:07', 'IRVINE - WEST YALE & ALTON XPRESS', '5343'), 
            ('53', '1', 'MTUWTHF', '653393', '07:18', 'SANTA ANA - MACARTHUR BLVD & MACARTHUR PLACE', '5345'), 
            ('53X', '1', 'MTUWTHF', '653394', '07:27', 'IRVINE - WEST YALE & ALTON XPRESS', '5318'), 
            ('53', '1', 'MTUWTHF', '653395', '07:35', 'SANTA ANA - MACARTHUR BLVD & MACARTHUR PLACE', '5313'), 
            ('53X', '1', 'MTUWTHF', '653396', '07:42', 'IRVINE - WEST YALE & ALTON XPRESS', '5315'), 
            ('53', '1', 'MTUWTHF', '653397', '07:55', 'SANTA ANA - MACARTHUR BLVD & MACARTHUR PLACE', '5323'), 
            ('53X', '1', 'MTUWTHF', '653398', '08:02', 'IRVINE - WEST YALE & ALTON XPRESS', '5319'), 
            ('53', '1', 'MTUWTHF', '653399', '08:14', 'SANTA ANA - MACARTHUR BLVD & MACARTHUR PLACE', '5320'), 
            ('53X', '1', 'MTUWTHF', '653400', '08:20', 'IRVINE - WEST YALE & ALTON XPRESS', '5346'), 
            ('53', '1', 'MTUWTHF', '653401', '08:34', 'SANTA ANA - MACARTHUR BLVD & MACARTHUR PLACE', '5321'), 
            ('53X', '1', 'MTUWTHF', '653402', '08:42', 'IRVINE - WEST YALE & ALTON XPRESS', '5316'), 
            ('53', '1', 'MTUWTHF', '653403', '08:55', 'SANTA ANA - MACARTHUR BLVD & MACARTHUR PLACE', '5311'), 
            ('53X', '1', 'MTUWTHF', '653404', '09:03', 'IRVINE - WEST YALE & ALTON XPRESS', '5324'), 
            ('53', '1', 'MTUWTHF', '653405', '09:15', 'SANTA ANA - MACARTHUR BLVD & MACARTHUR PLACE', '5341'),
            ('53X', '1', 'MTUWTHF', '653406', '09:27', 'IRVINE - WEST YALE & ALTON XPRESS', '5012'), 
            ('53', '1', 'MTUWTHF', '653407', '09:37', 'SANTA ANA - MACARTHUR BLVD & MACARTHUR PLACE', '5343'), 
            ('53X', '1', 'MTUWTHF', '653408', '09:53', 'IRVINE - WEST YALE & ALTON XPRESS', '5313'), 
            ('53', '1', 'MTUWTHF', '653409', '10:02', 'SANTA ANA - MACARTHUR BLVD & MACARTHUR PLACE', '5318'),
            ('53X', '1', 'MTUWTHF', '653410', '10:17', 'IRVINE - WEST YALE & ALTON XPRESS', '5315'), 
            ('53', '1', 'MTUWTHF', '653411', '10:26', 'SANTA ANA - MACARTHUR BLVD & MACARTHUR PLACE', '5322'),
            ('53X', '1', 'MTUWTHF', '653412', '10:41', 'IRVINE - WEST YALE & ALTON XPRESS', '5321'), 
            ('53', '1', 'MTUWTHF', '653413', '10:49', 'SANTA ANA - MACARTHUR BLVD & MACARTHUR PLACE', '5344'),
            ('53X', '1', 'MTUWTHF', '653414', '11:05', 'IRVINE - WEST YALE & ALTON XPRESS', '5311'), 
            ('53', '1', 'MTUWTHF', '653415', '11:13', 'SANTA ANA - MACARTHUR BLVD & MACARTHUR PLACE', '5326'),
            ('53X', '1', 'MTUWTHF', '653416', '11:29', 'IRVINE - WEST YALE & ALTON XPRESS', '5341'), 
            ('53', '1', 'MTUWTHF', '653417', '11:37', 'SANTA ANA - MACARTHUR BLVD & MACARTHUR PLACE', '5324'),
            ('53X', '1', 'MTUWTHF', '653418', '11:53', 'IRVINE - WEST YALE & ALTON XPRESS', '5343'), 
            ('53', '1', 'MTUWTHF', '653419', '12:00', 'SANTA ANA - MACARTHUR BLVD & MACARTHUR PLACE', '5012'),
            ('53X', '1', 'MTUWTHF', '653420', '12:17', 'IRVINE - WEST YALE & ALTON XPRESS', '5325'), 
            ('53', '1', 'MTUWTHF', '653421', '12:24', 'SANTA ANA - MACARTHUR BLVD & MACARTHUR PLACE', '5313'),
            ('53X', '1', 'MTUWTHF', '653422', '12:41', 'IRVINE - WEST YALE & ALTON XPRESS', '5347'), 
            ('53', '1', 'MTUWTHF', '653423', '12:48', 'SANTA ANA - MACARTHUR BLVD & MACARTHUR PLACE', '5322'),
            ('53X', '1', 'MTUWTHF', '653424', '13:05', 'IRVINE - WEST YALE & ALTON XPRESS', '5344'),
            ('53', '1', 'MTUWTHF', '653425', '13:12', 'SANTA ANA - MACARTHUR BLVD & MACARTHUR PLACE', '5321'),
            ('53X', '1', 'MTUWTHF', '653426', '13:29', 'IRVINE - WEST YALE & ALTON XPRESS', '5326'),
            ('53', '1', 'MTUWTHF', '653427', '13:36', 'SANTA ANA - MACARTHUR BLVD & MACARTHUR PLACE', '5311'),
            ('53X', '1', 'MTUWTHF', '653428', '13:53', 'IRVINE - WEST YALE & ALTON XPRESS', '5324'),
            ('53', '1', 'MTUWTHF', '653453', '13:59', 'SANTA ANA - MACARTHUR BLVD & MACARTHUR PLACE', '5341'),
            ('53X', '1', 'MTUWTHF', '653429', '14:17', 'IRVINE - WEST YALE & ALTON XPRESS', '5348'),
            ('53', '1', 'MTUWTHF', '653431', '14:23', 'SANTA ANA - MACARTHUR BLVD & MACARTHUR PLACE', '5343'),
            ('53X', '1', 'MTUWTHF', '653432', '14:41', 'IRVINE - WEST YALE & ALTON XPRESS', '5313'),
            ('53', '1', 'MTUWTHF', '653433', '14:47', 'SANTA ANA - MACARTHUR BLVD & MACARTHUR PLACE', '5325'),
            ('53X', '1', 'MTUWTHF', '653434', '15:05', 'IRVINE - WEST YALE & ALTON XPRESS', '5349'),
            ('53', '1', 'MTUWTHF', '653435', '15:12', 'SANTA ANA - MACARTHUR BLVD & MACARTHUR PLACE', '5347'),
            ('53X', '1', 'MTUWTHF', '653384', '15:29', 'IRVINE - WEST YALE & ALTON XPRESS', '5322'),
            ('53', '1', 'MTUWTHF', '653436', '15:36', 'SANTA ANA - MACARTHUR BLVD & MACARTHUR PLACE', '5344'),
            ('53X', '1', 'MTUWTHF', '653437', '15:53', 'IRVINE - WEST YALE & ALTON XPRESS', '5321'),
            ('53', '1', 'MTUWTHF', '653438', '16:00', 'SANTA ANA - MACARTHUR BLVD & MACARTHUR PLACE', '5311'),
            ('53X', '1', 'MTUWTHF', '653439', '16:17', 'IRVINE - WEST YALE & ALTON XPRESS', '5341'),
            ('53', '1', 'MTUWTHF', '653440', '16:23', 'SANTA ANA - MACARTHUR BLVD & MACARTHUR PLACE', '5326'),
            ('53X', '1', 'MTUWTHF', '653441', '16:37', 'IRVINE - WEST YALE & ALTON XPRESS', '5343'),
            ('53', '1', 'MTUWTHF', '653442', '16:44', 'SANTA ANA - MACARTHUR BLVD & MACARTHUR PLACE', '5324'),
            ('53X', '1', 'MTUWTHF', '653443', '16:57', 'IRVINE - WEST YALE & ALTON XPRESS', '6013'),
            ('53', '1', 'MTUWTHF', '653444', '17:05', 'SANTA ANA - MACARTHUR BLVD & MACARTHUR PLACE ', '5348'),
            ('53X', '1', 'MTUWTHF', '653445', '17:17', 'IRVINE - WEST YALE & ALTON XPRESS', '5350'),
            ('53', '1', 'MTUWTHF', '653447', '17:25', 'SANTA ANA - MACARTHUR BLVD & MACARTHUR PLACE', '5313'),
            ('53X', '1', 'MTUWTHF', '653448', '17:37', 'IRVINE - WEST YALE & ALTON XPRESS', '6413'),
            ('53', '1', 'MTUWTHF', '653449', '17:45', 'SANTA ANA - MACARTHUR BLVD & MACARTHUR PLACE ', '5325'),
            ('53X', '1', 'MTUWTHF', '653450', '17:57', 'IRVINE - WEST YALE & ALTON XPRESS', '5344'),
            ('53', '1', 'MTUWTHF', '653451', '18:05', 'SANTA ANA - MACARTHUR BLVD & MACARTHUR PLACE', '5349'),
            ('53X', '1', 'MTUWTHF', '653452', '18:17', 'IRVINE - WEST YALE & ALTON XPRESS', '5311'),
            ('53', '1', 'MTUWTHF', '653453', '18:26', 'SANTA ANA - MACARTHUR BLVD & MACARTHUR PLACE ', '5322'),
            ('53', '1', 'MTUWTHF', '653454', '18:46', 'IRVINE - WEST YALE & ALTON', '5321'),
            ('53', '1', 'MTUWTHF', '653455', '19:07', 'SANTA ANA - MACARTHUR BLVD & MACARTHUR PLACE ', '5341'),
            ('53', '1', 'MTUWTHF', '653456', '19:27', 'IRVINE - WEST YALE & ALTON', '5327'),
            ('53', '1', 'MTUWTHF', '653457', '19:47', 'SANTA ANA - MACARTHUR BLVD & MACARTHUR PLACE ', '5325'),
            ('53', '1', 'MTUWTHF', '653458', '20:18', 'IRVINE - WEST YALE & ALTON', '6413'),
            ('53', '1', 'MTUWTHF', '653459', '20:48', 'SANTA ANA - MACARTHUR BLVD & MACARTHUR PLACE ', '5322'),
            ('53', '1', 'MTUWTHF', '653460', '21:18', 'IRVINE - WEST YALE & ALTON', '5328'),
            ('53', '1', 'MTUWTHF', '653461', '21:49', 'SANTA ANA - MACARTHUR BLVD & MACARTHUR PLACE ', '5325'),
            ('53', '1', 'MTUWTHF', '653462', '22:19', 'IRVINE - WEST YALE & ALTON', '5327'),
            ('53', '1', 'MTUWTHF', '653463', '22:49', 'SANTA ANA - MACARTHUR BLVD & MACARTHUR PLACE ', '6413'),
            ('53', '1', 'MTUWTHF', '653464', '23:24', 'IRVINE - WEST YALE & ALTON', '6018'),
            ('53', '1', 'MTUWTHF', '653465', '23:54', 'SANTA ANA - MACARTHUR BLVD & MACARTHUR PLACE ', '5328'),

            ('53', '1', 'MTUWTHF', '653476', '04:10', 'ANAHEIM REGIONAL TRANSPORTATION INTERMODAL CENTER', '5341'), 
            ('53', '1', 'MTUWTHF', '653477', '04:34', 'ANAHEIM REGIONAL TRANSPORTATION INTERMODAL CENTER', '5343'),   
            ('53', '1', 'MTUWTHF', '653478', '04:52', 'ANAHEIM REGIONAL TRANSPORTATION INTERMODAL CENTER', '5344'),   
            ('53', '1', 'MTUWTHF', '653479', '04:59', 'ANAHEIM REGIONAL TRANSPORTATION INTERMODAL CENTER', '5314'), 
            ('53', '1', 'MTUWTHF', '653480', '05:02', 'ANAHEIM REGIONAL TRANSPORTATION INTERMODAL CENTER', '5346'), 
            ('53', '1', 'MTUWTHF', '653479', '05:16', 'ANAHEIM REGIONAL TRANSPORTATION INTERMODAL CENTER', '5311'),
            ('53', '1', 'MTUWTHF', '653480', '05:22', 'ANAHEIM REGIONAL TRANSPORTATION INTERMODAL CENTER', '5342'),  
            ('53X', '1', 'MTUWTHF', '653481', '05:37', 'ANAHEIM REGIONAL TRANSPORTATION INTERMODAL CENTER XPRESS', '5041'), 
            ('53', '1', 'MTUWTHF', '653482', '05:40', 'ANAHEIM REGIONAL TRANSPORTATION INTERMODAL CENTER', '5316'),  
            ('53X', '1', 'MTUWTHF', '653483', '05:47', 'ANAHEIM REGIONAL TRANSPORTATION INTERMODAL CENTER XPRESS', '5312'), 
            ('53', '1', 'MTUWTHF', '653484', '05:50', 'ANAHEIM REGIONAL TRANSPORTATION INTERMODAL CENTER', '5341'),   
            ('53', '1', 'MTUWTHF', '653481', '06:06', 'ANAHEIM REGIONAL TRANSPORTATION INTERMODAL CENTER', '5343'), 
            ('53X', '1', 'MTUWTHF', '653482', '06:07', 'ANAHEIM REGIONAL TRANSPORTATION INTERMODAL CENTER XPRESS', '5345'),  
            ('53', '1', 'MTUWTHF', '653483', '06:26', 'ANAHEIM REGIONAL TRANSPORTATION INTERMODAL CENTER', '5318'), 
            ('53X', '1', 'MTUWTHF', '653484', '06:27', 'ANAHEIM REGIONAL TRANSPORTATION INTERMODAL CENTER XPRESS', '5313'), 
            ('53', '1', 'MTUWTHF', '653485', '06:46', 'ANAHEIM REGIONAL TRANSPORTATION INTERMODAL CENTER', '5315'), 
            ('53X', '1', 'MTUWTHF', '653486', '06:47', 'ANAHEIM REGIONAL TRANSPORTATION INTERMODAL CENTER XPRESS', '5319'),   
            ('53', '1', 'MTUWTHF', '653487', '07:06', 'ANAHEIM REGIONAL TRANSPORTATION INTERMODAL CENTER', '5320'),   
            ('53X', '1', 'MTUWTHF', '653488', '07:07', 'ANAHEIM REGIONAL TRANSPORTATION INTERMODAL CENTER XPRESS', '5346'),
            ('53X', '1', 'MTUWTHF', '653491', '07:23', 'ANAHEIM REGIONAL TRANSPORTATION INTERMODAL CENTER XPRESS', '5317'),   
            ('53', '1', 'MTUWTHF', '653492', '07:25', 'ANAHEIM REGIONAL TRANSPORTATION INTERMODAL CENTER', '5321'),   
            ('53X', '1', 'MTUWTHF', '653493', '07:43', 'ANAHEIM REGIONAL TRANSPORTATION INTERMODAL CENTER XPRESS', '5311'),   
            ('53', '1', 'MTUWTHF', '653494', '07:44', 'ANAHEIM REGIONAL TRANSPORTATION INTERMODAL CENTER', '5316'), 
            ('53', '1', 'MTUWTHF', '653490', '08:05', 'ANAHEIM REGIONAL TRANSPORTATION INTERMODAL CENTER', '5312'), 
            ('53X', '1', 'MTUWTHF', '653495', '08:06', 'ANAHEIM REGIONAL TRANSPORTATION INTERMODAL CENTER XPRESS', '5341'),     
            ('53X', '1', 'MTUWTHF', '653497', '08:26', 'ANAHEIM REGIONAL TRANSPORTATION INTERMODAL CENTER XPRESS', '5343'),   
            ('53', '1', 'MTUWTHF', '653498', '08:27', 'ANAHEIM REGIONAL TRANSPORTATION INTERMODAL CENTER', '5345'), 
            ('53X', '1', 'MTUWTHF', '653499', '08:47', 'ANAHEIM REGIONAL TRANSPORTATION INTERMODAL CENTER XPRESS', '5318'),   
            ('53', '1', 'MTUWTHF', '653500', '08:47', 'ANAHEIM REGIONAL TRANSPORTATION INTERMODAL CENTER', '5313'),   
            ('53X', '1', 'MTUWTHF', '653501', '09:12', 'ANAHEIM REGIONAL TRANSPORTATION INTERMODAL CENTER XPRESS', '5315'),   
            ('53', '1', 'MTUWTHF', '653502', '09:12', 'ANAHEIM REGIONAL TRANSPORTATION INTERMODAL CENTER', '5322'), 
            ('53X', '1', 'MTUWTHF', '653489', '09:34', 'ANAHEIM REGIONAL TRANSPORTATION INTERMODAL CENTER XPRESS', '5344'),   
            ('53', '1', 'MTUWTHF', '653503', '09:36', 'ANAHEIM REGIONAL TRANSPORTATION INTERMODAL CENTER', '5321'),  
            ('53', '1', 'MTUWTHF', '653496', '09:56', 'ANAHEIM REGIONAL TRANSPORTATION INTERMODAL CENTER', '5311'),  
            ('53X', '1', 'MTUWTHF', '653504', '09:58', 'ANAHEIM REGIONAL TRANSPORTATION INTERMODAL CENTER XPRESS', '5316'),   
            ('53', '1', 'MTUWTHF', '653505', '10:20', 'ANAHEIM REGIONAL TRANSPORTATION INTERMODAL CENTER', '5341'),   
            ('53X', '1', 'MTUWTHF', '653506', '10:22', 'ANAHEIM REGIONAL TRANSPORTATION INTERMODAL CENTER XPRESS', '5324'),  
            ('53', '1', 'MTUWTHF', '653507', '10:44', 'ANAHEIM REGIONAL TRANSPORTATION INTERMODAL CENTER', '5343'),   
            ('53X', '1', 'MTUWTHF', '653508', '10:46', 'ANAHEIM REGIONAL TRANSPORTATION INTERMODAL CENTER XPRESS', '5012'),  
            ('53', '1', 'MTUWTHF', '653473', '11:08', 'ANAHEIM REGIONAL TRANSPORTATION INTERMODAL CENTER', '5325'), 
            ('53X', '1', 'MTUWTHF', '653474', '11:10', 'ANAHEIM REGIONAL TRANSPORTATION INTERMODAL CENTER XPRESS', '5313'),   
            ('53', '1', 'MTUWTHF', '653509', '11:32', 'ANAHEIM REGIONAL TRANSPORTATION INTERMODAL CENTER', '5322'),   
            ('53X', '1', 'MTUWTHF', '653510', '11:34', 'ANAHEIM REGIONAL TRANSPORTATION INTERMODAL CENTER XPRESS', '5347'),  
            ('53', '1', 'MTUWTHF', '653511', '11:56', 'ANAHEIM REGIONAL TRANSPORTATION INTERMODAL CENTER', '5344'),   
            ('53X', '1', 'MTUWTHF', '653512', '11:58', 'ANAHEIM REGIONAL TRANSPORTATION INTERMODAL CENTER XPRESS', '5321'),   
            ('53', '1', 'MTUWTHF', '653513', '12:19', 'ANAHEIM REGIONAL TRANSPORTATION INTERMODAL CENTER', '5326'),   
            ('53X', '1', 'MTUWTHF', '653514', '12:19', 'ANAHEIM REGIONAL TRANSPORTATION INTERMODAL CENTER XPRESS', '5311'),  
            ('53', '1', 'MTUWTHF', '653515', '12:43', 'ANAHEIM REGIONAL TRANSPORTATION INTERMODAL CENTER', '5324'),   
            ('53X', '1', 'MTUWTHF', '653516', '12:43', 'ANAHEIM REGIONAL TRANSPORTATION INTERMODAL CENTER XPRESS', '5341'),   
            ('53', '1', 'MTUWTHF', '653517', '13:07', 'ANAHEIM REGIONAL TRANSPORTATION INTERMODAL CENTER', '5348'),   
            ('53X', '1', 'MTUWTHF', '653518', '13:07', 'ANAHEIM REGIONAL TRANSPORTATION INTERMODAL CENTER XPRESS', '5343'), 
            ('53', '1', 'MTUWTHF', '653519', '13:31', 'ANAHEIM REGIONAL TRANSPORTATION INTERMODAL CENTER', '5313'),   
            ('53X', '1', 'MTUWTHF', '653521', '13:31', 'ANAHEIM REGIONAL TRANSPORTATION INTERMODAL CENTER XPRESS', '5325'),  
            ('53', '1', 'MTUWTHF', '653522', '13:55', 'ANAHEIM REGIONAL TRANSPORTATION INTERMODAL CENTER', '5349'), 
            ('53X', '1', 'MTUWTHF', '653523', '13:55', 'ANAHEIM REGIONAL TRANSPORTATION INTERMODAL CENTER XPRESS', '5347'),        
            ('53', '1', 'MTUWTHF', '653524', '14:19', 'ANAHEIM REGIONAL TRANSPORTATION INTERMODAL CENTER', '5322'),
            ('53X', '1', 'MTUWTHF', '653525', '14:19', 'ANAHEIM REGIONAL TRANSPORTATION INTERMODAL CENTER XPRESS', '5344'),      
            ('53X', '1', 'MTUWTHF', '653527', '14:34', 'ANAHEIM REGIONAL TRANSPORTATION INTERMODAL CENTER XPRESS', '5321'), 
            ('53', '1', 'MTUWTHF', '653528', '14:43', 'ANAHEIM REGIONAL TRANSPORTATION INTERMODAL CENTER', '5311'),   
            ('53X', '1', 'MTUWTHF', '653553', '14:58', 'ANAHEIM REGIONAL TRANSPORTATION INTERMODAL CENTER XPRESS', '5326'), 
            ('53', '1', 'MTUWTHF', '653530', '15:04', 'ANAHEIM REGIONAL TRANSPORTATION INTERMODAL CENTER', '5341'),
            ('53X', '1', 'MTUWTHF', '653531', '15:22', 'ANAHEIM REGIONAL TRANSPORTATION INTERMODAL CENTER XPRESS', '5324'),  
            ('53', '1', 'MTUWTHF', '653532', '15:28', 'ANAHEIM REGIONAL TRANSPORTATION INTERMODAL CENTER', '5343'),  
            ('53X', '1', 'MTUWTHF', '653533', '15:42', 'ANAHEIM REGIONAL TRANSPORTATION INTERMODAL CENTER XPRESS', '5348'),
            ('53', '1', 'MTUWTHF', '653534', '15:48', 'ANAHEIM REGIONAL TRANSPORTATION INTERMODAL CENTER', '6013'),
            ('53X', '1', 'MTUWTHF', '653535', '16:02', 'ANAHEIM REGIONAL TRANSPORTATION INTERMODAL CENTER XPRESS', '5313'),  
            ('53', '1', 'MTUWTHF', '653536', '16:08', 'ANAHEIM REGIONAL TRANSPORTATION INTERMODAL CENTER', '5350'),  
            ('53X', '1', 'MTUWTHF', '653537', '16:16', 'ANAHEIM REGIONAL TRANSPORTATION INTERMODAL CENTER XPRESS', '5325'),  
            ('53', '1', 'MTUWTHF', '653538', '16:27', 'ANAHEIM REGIONAL TRANSPORTATION INTERMODAL CENTER', '6413'),
            ('53X', '1', 'MTUWTHF', '653539', '16:35', 'ANAHEIM REGIONAL TRANSPORTATION INTERMODAL CENTER XPRESS', '5349'),
            ('53', '1', 'MTUWTHF', '653538', '16:47', 'ANAHEIM REGIONAL TRANSPORTATION INTERMODAL CENTER', '5344'),  
            ('53X', '1', 'MTUWTHF', '653540', '16:55', 'ANAHEIM REGIONAL TRANSPORTATION INTERMODAL CENTER XPRESS', '5322'),  
            ('53', '1', 'MTUWTHF', '653541', '17:06', 'ANAHEIM REGIONAL TRANSPORTATION INTERMODAL CENTER', '5311'),
            ('53X', '1', 'MTUWTHF', '653542', '17:15', 'ANAHEIM REGIONAL TRANSPORTATION INTERMODAL CENTER XPRESS', '5321'),
            ('53', '1', 'MTUWTHF', '653543', '17:26', 'ANAHEIM REGIONAL TRANSPORTATION INTERMODAL CENTER', '5326'),  
            ('53X', '1', 'MTUWTHF', '653544', '17:36', 'ANAHEIM REGIONAL TRANSPORTATION INTERMODAL CENTER XPRESS', '5341'),  
            ('53', '1', 'MTUWTHF', '653545', '17:47', 'ANAHEIM REGIONAL TRANSPORTATION INTERMODAL CENTER', '5324'),
            ('53X', '1', 'MTUWTHF', '653546', '18:12', 'ANAHEIM REGIONAL TRANSPORTATION INTERMODAL CENTER XPRESS', '5348'),  
            ('53', '1', 'MTUWTHF', '653547', '18:12', 'ANAHEIM REGIONAL TRANSPORTATION INTERMODAL CENTER', '5343'),  
            ('53', '1', 'MTUWTHF', '653548', '18:48', 'ANAHEIM REGIONAL TRANSPORTATION INTERMODAL CENTER', '5325'),    
            ('53', '1', 'MTUWTHF', '653549', '19:00', 'ANAHEIM REGIONAL TRANSPORTATION INTERMODAL CENTER', '6413'), 
            ('53', '1', 'MTUWTHF', '653550', '19:50', 'ANAHEIM REGIONAL TRANSPORTATION INTERMODAL CENTER', '5322'),  
            ('53', '1', 'MTUWTHF', '653551', '20:02', 'ANAHEIM REGIONAL TRANSPORTATION INTERMODAL CENTER', '5341'),    
            ('53', '1', 'MTUWTHF', '653552', '20:50', 'ANAHEIM REGIONAL TRANSPORTATION INTERMODAL CENTER', '5325'), 
            ('53', '1', 'MTUWTHF', '653553', '21:04', 'ANAHEIM REGIONAL TRANSPORTATION INTERMODAL CENTER', '5327'),  
            ('53', '1', 'MTUWTHF', '653554', '21:52', 'ANAHEIM REGIONAL TRANSPORTATION INTERMODAL CENTER', '6413'),    
            ('53', '1', 'MTUWTHF', '653555', '22:04', 'ANAHEIM REGIONAL TRANSPORTATION INTERMODAL CENTER', '6018'), 
            ('53', '1', 'MTUWTHF', '653556', '22:52', 'ANAHEIM REGIONAL TRANSPORTATION INTERMODAL CENTER', '5328'),  
            ('53', '1', 'MTUWTHF', '653557', '23:04', 'ANAHEIM REGIONAL TRANSPORTATION INTERMODAL CENTER', '5325'),    
            ('53', '1', 'MTUWTHF', '653558', '23:52', 'ANAHEIM REGIONAL TRANSPORTATION INTERMODAL CENTER', '4341'), 

			--ROUTE 54--
            ('54', '1', 'MTUWTHF', '654376', '04:40', 'GARDEN GROVE - CHAPMAN & VALLEY VIEW', '5442'),
            ('54', '1', 'MTUWTHF', '654377', '05:00', 'STANTON - CHAPMAN & BEACH', '5444'),
            ('54', '1', 'MTUWTHF', '654378', '05:10', 'GARDEN GROVE - CHAPMAN & VALLEY VIEW', '5012'),
            ('54', '1', 'MTUWTHF', '654379', '05:37', 'STANTON - CHAPMAN & BEACH', '5446'),
            ('54', '1', 'MTUWTHF', '654380', '05:47', 'GARDEN GROVE - CHAPMAN & VALLEY VIEW', '5447'),
            ('54', '1', 'MTUWTHF', '654381', '06:06', 'STANTON - CHAPMAN & BEACH', 'XXXX'),
            ('54', '1', 'MTUWTHF', '654382', '06:17', 'GARDEN GROVE - CHAPMAN & VALLEY VIEW', '5443'),
            ('54', '1', 'MTUWTHF', '654383', '06:35', 'STANTON - CHAPMAN & BEACH', 'XXXX'),
            ('54', '1', 'MTUWTHF', '654384', '06:47', 'GARDEN GROVE - CHAPMAN & VALLEY VIEW', 'XXXX'),
            ('54', '1', 'MTUWTHF', '654385', '07:10', 'STANTON - CHAPMAN & BEACH', '5643'),
            ('54', '1', 'MTUWTHF', '654386', '07:12', 'GARDEN GROVE - CHAPMAN & HARBOR', 'XXX2'),
            ('54', '1', 'MTUWTHF', '654387', '07:19', 'GARDEN GROVE - CHAPMAN & VALLEY VIEW', 'XXXX'),
            ('54', '1', 'MTUWTHF', '654388', '07:40', 'STANTON - CHAPMAN & BEACH', 'XXXX'),
            ('54', '1', 'MTUWTHF', '654389', '07:49', 'GARDEN GROVE - CHAPMAN & VALLEY VIEW', '5442'),
            ('54', '1', 'MTUWTHF', '654390', '08:10', 'STANTON - CHAPMAN & BEACH', '5446'),
            ('54', '1', 'MTUWTHF', '654391', '08:18', 'GARDEN GROVE - CHAPMAN & VALLEY VIEW', 'XXX1'),
            ('54', '1', 'MTUWTHF', '654392', '08:39', 'STANTON - CHAPMAN & BEACH', '5447'),
            ('54', '1', 'MTUWTHF', '654393', '08:49', 'GARDEN GROVE - CHAPMAN & VALLEY VIEW', 'XXX3'),
            ('54', '1', 'MTUWTHF', '654394', '09:06', 'GARDEN GROVE - CHAPMAN & VALLEY VIEW', '5443'),
            ('54', '1', 'MTUWTHF', '654395', '09:26', 'GARDEN GROVE - CHAPMAN & VALLEY VIEW', '5445'),
            ('54', '1', 'MTUWTHF', '654396', '09:46', 'GARDEN GROVE - CHAPMAN & VALLEY VIEW', '5448'),
            ('54', '1', 'MTUWTHF', '654397', '10:06', 'GARDEN GROVE - CHAPMAN & VALLEY VIEW', '5411'),
            ('54', '1', 'MTUWTHF', '654398', '10:26', 'GARDEN GROVE - CHAPMAN & VALLEY VIEW', 'XXXX'),
            ('54', '1', 'MTUWTHF', '654399', '10:46', 'GARDEN GROVE - CHAPMAN & VALLEY VIEW', '5441'),
            ('54', '1', 'MTUWTHF', '654400', '11:05', 'GARDEN GROVE - CHAPMAN & VALLEY VIEW', '5449'),
            ('54', '1', 'MTUWTHF', '654401', '11:25', 'GARDEN GROVE - CHAPMAN & VALLEY VIEW', '6446'),
            ('54', '1', 'MTUWTHF', '654402', '11:45', 'GARDEN GROVE - CHAPMAN & VALLEY VIEW', '6046'),
            ('54', '1', 'MTUWTHF', '654403', '12:03', 'GARDEN GROVE - CHAPMAN & VALLEY VIEW', '5443'),
            ('54', '1', 'MTUWTHF', '654404', '12:23', 'GARDEN GROVE - CHAPMAN & VALLEY VIEW', '5445'),
            ('54', '1', 'MTUWTHF', '654405', '12:43', 'GARDEN GROVE - CHAPMAN & VALLEY VIEW', '5448'),
            ('54', '1', 'MTUWTHF', '654406', '13:03', 'GARDEN GROVE - CHAPMAN & VALLEY VIEW', '5411'),
            ('54', '1', 'MTUWTHF', '654407', '13:23', 'GARDEN GROVE - CHAPMAN & VALLEY VIEW', '5XXX'),
            ('54', '1', 'MTUWTHF', '654408', '13:53', 'GARDEN GROVE - CHAPMAN & VALLEY VIEW', '5441'),
            ('54', '1', 'MTUWTHF', '654409', '14:13', 'GARDEN GROVE - CHAPMAN & VALLEY VIEW', '6642'),
            ('54', '1', 'MTUWTHF', '654410', '14:33', 'GARDEN GROVE - CHAPMAN & VALLEY VIEW', 'XXX1'),
            ('54', '1', 'MTUWTHF', '654411', '14:48', 'GARDEN GROVE - CHAPMAN & VALLEY VIEW', '4342'),
            ('54', '1', 'MTUWTHF', '654412', '15:03', 'GARDEN GROVE - CHAPMAN & VALLEY VIEW', '5443'),
            ('54', '1', 'MTUWTHF', '654413', '15:26', 'STANTON - CHAPMAN & BEACH', '5XXX'),
            ('54', '1', 'MTUWTHF', '654414', '15:33', 'GARDEN GROVE - CHAPMAN & VALLEY VIEW', '5445'),
            ('54', '1', 'MTUWTHF', '654415', '15:56', 'STANTON - CHAPMAN & BEACH', '5453'),
            ('54', '1', 'MTUWTHF', '654416', '16:03', 'GARDEN GROVE - CHAPMAN & VALLEY VIEW', '5411'),
            ('54', '1', 'MTUWTHF', '654417', '16:26', 'STANTON - CHAPMAN & BEACH', 'XXXX'),
            ('54', '1', 'MTUWTHF', '654418', '16:33', 'GARDEN GROVE - CHAPMAN & VALLEY VIEW', 'XXX6'),
            ('54', '1', 'MTUWTHF', '654419', '16:56', 'STANTON - CHAPMAN & BEACH', 'XXX7'),
            ('54', '1', 'MTUWTHF', '654420', '17:03', 'GARDEN GROVE - CHAPMAN & VALLEY VIEW', '5441'),
            ('54', '1', 'MTUWTHF', '654421', '17:26', 'STANTON - CHAPMAN & BEACH', '6642'),
            ('54', '1', 'MTUWTHF', '654422', '17:33', 'GARDEN GROVE - CHAPMAN & VALLEY VIEW', 'XXX3'),
            ('54', '1', 'MTUWTHF', '654423', '17:59', 'STANTON - CHAPMAN & BEACH', '5414'),
            ('54', '1', 'MTUWTHF', '654424', '18:08', 'GARDEN GROVE - CHAPMAN & VALLEY VIEW', '4342'),
            ('54', '1', 'MTUWTHF', '654425', '18:29', 'STANTON - CHAPMAN & BEACH', '5453'),
            ('54', '1', 'MTUWTHF', '654426', '18:38', 'GARDEN GROVE - CHAPMAN & VALLEY VIEW', 'XXX8'),
            ('54', '1', 'MTUWTHF', '654427', '18:59', 'STANTON - CHAPMAN & BEACH', '5411'),
            ('54', '1', 'MTUWTHF', '654428', '19:08', 'GARDEN GROVE - CHAPMAN & VALLEY VIEW', '5445'),
            ('54', '1', 'MTUWTHF', '654429', '19:29', 'STANTON - CHAPMAN & BEACH', 'XXX4'),
            ('54', '1', 'MTUWTHF', '654430', '19:38', 'GARDEN GROVE - CHAPMAN & VALLEY VIEW', 'XXX5'),
            ('54', '1', 'MTUWTHF', '654431', '19:59', 'STANTON - CHAPMAN & BEACH', '6642'),
            ('54', '1', 'MTUWTHF', '654432', '20:08', 'GARDEN GROVE - CHAPMAN & VALLEY VIEW', '5413'),
            ('54', '1', 'MTUWTHF', '654433', '20:38', 'GARDEN GROVE - CHAPMAN & VALLEY VIEW', 'XXXX'),
            ('54', '1', 'MTUWTHF', '654434', '21:08', 'GARDEN GROVE - CHAPMAN & VALLEY VIEW', 'XXX8'),
            ('54', '1', 'MTUWTHF', '654435', '21:38', 'GARDEN GROVE - CHAPMAN & VALLEY VIEW', 'XXXX'),
            ('54', '1', 'MTUWTHF', '654436', '22:08', 'GARDEN GROVE - CHAPMAN & VALLEY VIEW', '115'),
            ('54', '1', 'MTUWTHF', '654437', '22:40', 'GARDEN GROVE - CHAPMAN & VALLEY VIEW', 'XXXX'),

            ('54', '1', 'MTUWTHF', '654476', '05:07', 'SANTIAGO CANYON COLLEGE', '5443'),
            ('54', '1', 'MTUWTHF', '654477', '05:29', 'ORANGE - CHAPMAN & RANCHO SANTIAGO', '5411'),
            ('54', '1', 'MTUWTHF', '654478', '05:32', 'SANTIAGO CANYON COLLEGE', '5412'),
            ('54', '1', 'MTUWTHF', '654479', '05:55', 'ORANGE - CHAPMAN & RANCHO SANTIAGO', '5643'),
            ('54', '1', 'MTUWTHF', '654480', '06:02', 'SANTIAGO CANYON COLLEGE', '5442'),
            ('54', '1', 'MTUWTHF', '654481', '06:25', 'ORANGE - CHAPMAN & RANCHO SANTIAGO', 'XXXX'),
            ('54', '1', 'MTUWTHF', '654482', '06:32', 'SANTIAGO CANYON COLLEGE', '5444'),
            ('54', '1', 'MTUWTHF', '654483', '06:55', 'ORANGE - CHAPMAN & RANCHO SANTIAGO', '5446'),
            ('54', '1', 'MTUWTHF', '654484', '06:59', 'SANTIAGO CANYON COLLEGE', '6046'),
            ('54', '1', 'MTUWTHF', '654485', '07:19', 'ORANGE - CHAPMAN & RANCHO SANTIAGO', '5447'),
            ('54', '1', 'MTUWTHF', '654486', '07:29', 'SANTIAGO CANYON COLLEGE', 'XXXX'),
            ('54', '1', 'MTUWTHF', '654487', '07:52', 'ORANGE - CHAPMAN & RANCHO SANTIAGO', '5443'),
            ('54', '1', 'MTUWTHF', '654488', '07:59', 'SANTIAGO CANYON COLLEGE', '5445'),
            ('54', '1', 'MTUWTHF', '654489', '08:22', 'ORANGE - CHAPMAN & RANCHO SANTIAGO', '5448'),
            ('54', '1', 'MTUWTHF', '654490', '08:31', 'SANTIAGO CANYON COLLEGE', '5412'),
            ('54', '1', 'MTUWTHF', '654491', '08:54', 'ORANGE - CHAPMAN & RANCHO SANTIAGO', 'XXXX'),
            ('54', '1', 'MTUWTHF', '654492', '09:01', 'SANTIAGO CANYON COLLEGE', '119'),
            ('54', '1', 'MTUWTHF', '654493', '09:21', 'SANTIAGO CANYON COLLEGE', '5441'),
            ('54', '1', 'MTUWTHF', '654494', '09:41', 'SANTIAGO CANYON COLLEGE', '5449'),
            ('54', '1', 'MTUWTHF', '654495', '10:02', 'SANTIAGO CANYON COLLEGE', '6446'),
            ('54', '1', 'MTUWTHF', '654496', '10:17', 'SANTIAGO CANYON COLLEGE', '5447'),
            ('54', '1', 'MTUWTHF', '654497', '10:37', 'SANTIAGO CANYON COLLEGE', '5443'),
            ('54', '1', 'MTUWTHF', '654490', '10:57', 'SANTIAGO CANYON COLLEGE', '5445'),
            ('54', '1', 'MTUWTHF', '654491', '11:17', 'SANTIAGO CANYON COLLEGE', '5448'),
            ('54', '1', 'MTUWTHF', '654492', '11:37', 'SANTIAGO CANYON COLLEGE', '5411'),
            ('54', '1', 'MTUWTHF', '654493', '11:55', 'SANTIAGO CANYON COLLEGE', 'XXX6'),
            ('54', '1', 'MTUWTHF', '654494', '12:15', 'SANTIAGO CANYON COLLEGE', '5441'),
            ('54', '1', 'MTUWTHF', '654495', '12:35', 'SANTIAGO CANYON COLLEGE', '6642'),
            ('54', '1', 'MTUWTHF', '654496', '12:55', 'SANTIAGO CANYON COLLEGE', 'XXX1'),
            ('54', '1', 'MTUWTHF', '654497', '13:15', 'SANTIAGO CANYON COLLEGE', '4342'),
            ('54', '1', 'MTUWTHF', '654498', '13:35', 'SANTIAGO CANYON COLLEGE', '5443'),
            ('54', '1', 'MTUWTHF', '654499', '13:52', 'SANTIAGO CANYON COLLEGE', '5445'),
            ('54', '1', 'MTUWTHF', '654540', '14:12', 'SANTIAGO CANYON COLLEGE', '5453'),
            ('54', '1', 'MTUWTHF', '654541', '14:32', 'SANTIAGO CANYON COLLEGE', '5411'),
            ('54', '1', 'MTUWTHF', '654542', '14:53', 'SANTIAGO CANYON COLLEGE', 'XXX5'),
            ('54', '1', 'MTUWTHF', '654543', '15:18', 'ORANGE - CHAPMAN & RANCHO SANTIAGO', '5XXX'),
            ('54', '1', 'MTUWTHF', '654544', '15:22', 'SANTIAGO CANYON COLLEGE', '5441'),
            ('54', '1', 'MTUWTHF', '654545', '15:44', 'ORANGE TRANSPORTATION CENTER', '5XXX'),
            ('54', '1', 'MTUWTHF', '654546', '15:50', 'ORANGE - CHAPMAN & RANCHO SANTIAGO', 'XXX6'),
            ('54', '1', 'MTUWTHF', '654547', '15:55', 'SANTIAGO CANYON COLLEGE', '5XXX'),
            ('54', '1', 'MTUWTHF', '654548', '16:17', 'ORANGE - CHAPMAN & RANCHO SANTIAGO', '6642'),
            ('54', '1', 'MTUWTHF', '654549', '16:22', 'SANTIAGO CANYON COLLEGE', '4342'),
            ('54', '1', 'MTUWTHF', '654510', '16:44', 'ORANGE TRANSPORTATION CENTER', 'XXX8'),
            ('54', '1', 'MTUWTHF', '654511', '16:47', 'ORANGE - CHAPMAN & RANCHO SANTIAGO', '5414'),
            ('54', '1', 'MTUWTHF', '654512', '16:52', 'SANTIAGO CANYON COLLEGE', 'XXX3'),
            ('54', '1', 'MTUWTHF', '654513', '17:17', 'ORANGE - CHAPMAN & RANCHO SANTIAGO', '5453'),
            ('54', '1', 'MTUWTHF', '654514', '17:22', 'SANTIAGO CANYON COLLEGE', '5445'),
            ('54', '1', 'MTUWTHF', '654515', '17:46', 'ORANGE - CHAPMAN & RANCHO SANTIAGO', '5411'),
            ('54', '1', 'MTUWTHF', '654516', '17:55', 'SANTIAGO CANYON COLLEGE', 'XXX7'),
            ('54', '1', 'MTUWTHF', '654517', '18:18', 'ORANGE - CHAPMAN & RANCHO SANTIAGO', 'XXX8'),
            ('54', '1', 'MTUWTHF', '654518', '18:25', 'SANTIAGO CANYON COLLEGE', '5413'),
            ('54', '1', 'MTUWTHF', '654519', '18:48', 'ORANGE - CHAPMAN & RANCHO SANTIAGO', '6642'),
            ('54', '1', 'MTUWTHF', '654520', '18:55', 'SANTIAGO CANYON COLLEGE', 'XXX5'),
            ('54', '1', 'MTUWTHF', '654521', '19:16', 'ORANGE - CHAPMAN & RANCHO SANTIAGO', 'XXX8'),
            ('54', '1', 'MTUWTHF', '654522', '19:23', 'SANTIAGO CANYON COLLEGE', 'XXX1'),
            ('54', '1', 'MTUWTHF', '654523', '19:46', 'ORANGE - CHAPMAN & RANCHO SANTIAGO', '5453'),
            ('54', '1', 'MTUWTHF', '654524', '19:53', 'SANTIAGO CANYON COLLEGE', '4342'),
            ('54', '1', 'MTUWTHF', '654525', '20:33', 'SANTIAGO CANYON COLLEGE', '115'),
            ('54', '1', 'MTUWTHF', '654526', '21:03', 'SANTIAGO CANYON COLLEGE', 'XXX6'),
            ('54', '1', 'MTUWTHF', '654527', '21:33', 'SANTIAGO CANYON COLLEGE', '5413'),
            ('54', '1', 'MTUWTHF', '654528', '22:03', 'SANTIAGO CANYON COLLEGE', 'XXX8'),

            --ROUTE 55--
            ('55', '1', 'MTUWTHF', '556376', '03:54', 'SANTA ANA - FLOWER & 6TH', '7211'),
            ('55', '1', 'MTUWTHF', '556377', '04:26', 'SANTA ANA - FLOWER & 6TH', '55X2'),
            ('55', '1', 'MTUWTHF', '556378', '04:44', 'SANTA ANA - FLOWER & 6TH', 'XXX1'),
            ('55', '1', 'MTUWTHF', '556379', '05:04', 'SANTA ANA - FLOWER & 6TH', 'XXXX'),
            ('55', '1', 'MTUWTHF', '556380', '05:24', 'SANTA ANA - FLOWER & 6TH', '55X1'),
            ('55', '1', 'MTUWTHF', '556381', '05:41', 'SANTA ANA - FLOWER & 6TH', '55X5'),
            ('55', '1', 'MTUWTHF', '556382', '05:52', 'SANTA ANA - FLOWER & 6TH', '55X4'),
            ('55', '1', 'MTUWTHF', '556383', '06:31', 'SANTA ANA - FLOWER & 6TH', 'XXX2'),
            ('55', '1', 'MTUWTHF', '556384', '06:51', 'SANTA ANA - FLOWER & 6TH', '55X2'),
            ('55', '1', 'MTUWTHF', '556386', '07:11', 'SANTA ANA - FLOWER & 6TH', 'XXX1'),
            ('55', '1', 'MTUWTHF', '556387', '07:31', 'SANTA ANA - FLOWER & 6TH', 'XXXX'),
            ('55', '1', 'MTUWTHF', '556389', '07:50', 'SANTA ANA - FLOWER & 6TH', '5611'),
            ('55', '1', 'MTUWTHF', '556390', '08:07', 'SANTA ANA - FLOWER & 6TH', 'XXX4'),
            ('55', '1', 'MTUWTHF', '556391', '08:29', 'SANTA ANA - FLOWER & 6TH', 'XXX3'),
            ('55', '1', 'MTUWTHF', '556392', '08:49', 'SANTA ANA - FLOWER & 6TH', '55X3'),
            ('55', '1', 'MTUWTHF', '556393', '09:09', 'SANTA ANA - FLOWER & 6TH', '55X4'),
            ('55', '1', 'MTUWTHF', '556394', '09:29', 'SANTA ANA - FLOWER & 6TH', 'XXX2'),
            ('55', '1', 'MTUWTHF', '556395', '09:49', 'SANTA ANA - FLOWER & 6TH', '55X5'),
            ('55', '1', 'MTUWTHF', '556396', '10:11', 'SANTA ANA - FLOWER & 6TH', '55X6'),
            ('55', '1', 'MTUWTHF', '556397', '10:31', 'SANTA ANA - FLOWER & 6TH', '55X1'),
            ('55', '1', 'MTUWTHF', '556398', '10:51', 'SANTA ANA - FLOWER & 6TH', 'XXX4'),
            ('55', '1', 'MTUWTHF', '556399', '11:13', 'SANTA ANA - FLOWER & 6TH', 'XXX3'),
            ('55', '1', 'MTUWTHF', '556400', '11:33', 'SANTA ANA - FLOWER & 6TH', '55X3'),
            ('55', '1', 'MTUWTHF', '556401', '11:53', 'SANTA ANA - FLOWER & 6TH', '55X4'),
            ('55', '1', 'MTUWTHF', '556402', '12:13', 'SANTA ANA - FLOWER & 6TH', '55X9'),
            ('55', '1', 'MTUWTHF', '556403', '12:30', 'SANTA ANA - FLOWER & 6TH', 'XXX2'),
            ('55', '1', 'MTUWTHF', '556404', '12:47', 'SANTA ANA - FLOWER & 6TH', '55X6'),
            ('55', '1', 'MTUWTHF', '556405', '13:07', 'SANTA ANA - FLOWER & 6TH', '55X7'),
            ('55', '1', 'MTUWTHF', '556406', '13:27', 'SANTA ANA - FLOWER & 6TH', 'XXX5'),
            ('55', '1', 'MTUWTHF', '556407', '13:47', 'SANTA ANA - FLOWER & 6TH', '55X5'),
            ('55', '1', 'MTUWTHF', '556408', '14:07', 'SANTA ANA - FLOWER & 6TH', 'XXX3'),
            ('55', '1', 'MTUWTHF', '556409', '14:27', 'SANTA ANA - FLOWER & 6TH', '55X3'),
            ('55', '1', 'MTUWTHF', '556410', '14:45', 'SANTA ANA - FLOWER & 6TH', '55X4'),
            ('55', '1', 'MTUWTHF', '556411', '15:07', 'SANTA ANA - FLOWER & 6TH', 'XXX6'),
            ('55', '1', 'MTUWTHF', '556412', '15:27', 'SANTA ANA - FLOWER & 6TH', 'XXX7'),
            ('55', '1', 'MTUWTHF', '556413', '15:47', 'SANTA ANA - FLOWER & 6TH', '55X8'),
            ('55', '1', 'MTUWTHF', '556414', '16:07', 'SANTA ANA - FLOWER & 6TH', '55X6'),
            ('55', '1', 'MTUWTHF', '556415', '16:26', 'SANTA ANA - FLOWER & 6TH', '55X7'),
            ('55', '1', 'MTUWTHF', '556416', '16:46', 'SANTA ANA - FLOWER & 6TH', '55X4'),
            ('55', '1', 'MTUWTHF', '556417', '17:06', 'SANTA ANA - FLOWER & 6TH', '55X5'),
            ('55', '1', 'MTUWTHF', '556418', '17:26', 'SANTA ANA - FLOWER & 6TH', 'XXXX'),
            ('55', '1', 'MTUWTHF', '556419', '17:50', 'SANTA ANA - FLOWER & 6TH', 'XXX8'),
            ('55', '1', 'MTUWTHF', '556420', '18:07', 'SANTA ANA - FLOWER & 6TH', '5550'),
            ('55', '1', 'MTUWTHF', '556421', '18:10', 'SANTA ANA - FLOWER & 6TH', '55X4'),
            ('55', '1', 'MTUWTHF', '556422', '18:27', 'SANTA ANA - FLOWER & 6TH', 'XXX6'),
            ('55', '1', 'MTUWTHF', '556423', '18:54', 'SANTA ANA - FLOWER & 6TH', '55X9'),
            ('55', '1', 'MTUWTHF', '556424', '19:16', 'SANTA ANA - FLOWER & 6TH', '55X8'),
            ('55', '1', 'MTUWTHF', '556425', '19:45', 'SANTA ANA - FLOWER & 6TH', '55X6'),
            ('55', '1', 'MTUWTHF', '556426', '20:19', 'SANTA ANA - FLOWER & 6TH', 'XXXX'),
            ('55', '1', 'MTUWTHF', '556427', '20:49', 'SANTA ANA - FLOWER & 6TH', 'XXX4'),
            ('55', '1', 'MTUWTHF', '556428', '21:19', 'SANTA ANA - FLOWER & 6TH', '55X4'),
            ('55', '1', 'MTUWTHF', '556429', '21:57', 'SANTA ANA - FLOWER & 6TH', 'XXXX'),
            ('55', '1', 'MTUWTHF', '556430', '22:27', 'SANTA ANA - FLOWER & 6TH', '55X8'),
            ('55', '1', 'MTUWTHF', '556431', '22:57', 'SANTA ANA - FLOWER & 6TH', '55X6'),
            ('55', '1', 'MTUWTHF', '556432', '23:27', 'SANTA ANA - FLOWER & 6TH', 'XXXX'),
            ('55', '1', 'MTUWTHF', '556433', '23:57', 'SANTA ANA - FLOWER & 6TH', 'XXX4'),
            ('55', '1', 'MTUWTHF', '556434', '24:27', 'SANTA ANA - FLOWER & 6TH', '55X4'),
            ('55', '1', 'MTUWTHF', '556476', '04:00', 'NEWPORT TRANSP CENTER', '55X1'),
            ('55', '1', 'MTUWTHF', '556477', '04:30', 'NEWPORT TRANSP CENTER', '55X3'),
            ('55', '1', 'MTUWTHF', '556478', '04:50', 'NEWPORT TRANSP CENTER', 'XXX2'),
            ('55', '1', 'MTUWTHF', '556479', '05:07', 'NEWPORT TRANSP CENTER', '7211'),
            ('55', '1', 'MTUWTHF', '556480', '05:27', 'NEWPORT TRANSP CENTER', 'XXX'),
            ('55', '1', 'MTUWTHF', '556481', '05:41', 'NEWPORT TRANSP CENTER', '55X2'),
            ('55', '1', 'MTUWTHF', '556482', '05:57', 'NEWPORT TRANSP CENTER', 'XXX1'),
            ('55', '1', 'MTUWTHF', '556483', '06:17', 'NEWPORT TRANSP CENTER', 'XXX5'),
            ('55', '1', 'MTUWTHF', '556484', '06:33', 'NEWPORT TRANSP CENTER', 'XXX4'),
            ('55', '1', 'MTUWTHF', '556485', '06:55', 'NEWPORT TRANSP CENTER', 'XXXX'),
            ('55', '1', 'MTUWTHF', '556486', '07:08', 'NEWPORT TRANSP CENTER', 'XXX3'),
            ('55', '1', 'MTUWTHF', '556487', '07:28', 'NEWPORT TRANSP CENTER', '55X3'),
            ('55', '1', 'MTUWTHF', '556488', '07:48', 'NEWPORT TRANSP CENTER', '55X4'),
            ('55', '1', 'MTUWTHF', '556489', '08:08', 'NEWPORT TRANSP CENTER', 'XXX2'),
            ('55', '1', 'MTUWTHF', '556490', '08:28', 'NEWPORT TRANSP CENTER', '55X5'),
            ('55', '1', 'MTUWTHF', '556491', '08:50', 'NEWPORT TRANSP CENTER', '55X6'),
            ('55', '1', 'MTUWTHF', '556492', '08:48', 'NEWPORT TRANSP CENTER', '55X6'),
            ('55', '1', 'MTUWTHF', '556493', '09:10', 'NEWPORT TRANSP CENTER', '55X1'),
            ('55', '1', 'MTUWTHF', '556494', '09:30', 'NEWPORT TRANSP CENTER', 'XXX4'),
            ('55', '1', 'MTUWTHF', '556495', '09:52', 'NEWPORT TRANSP CENTER', 'XXX3'),
            ('55', '1', 'MTUWTHF', '556496', '10:12', 'NEWPORT TRANSP CENTER', '55X3'),
            ('55', '1', 'MTUWTHF', '556497', '10:32', 'NEWPORT TRANSP CENTER', '55X4'),
            ('55', '1', 'MTUWTHF', '556490', '10:52', 'NEWPORT TRANSP CENTER', 'XXX2'),
            ('55', '1', 'MTUWTHF', '556491', '11:12', 'NEWPORT TRANSP CENTER', 'XXXX'),
            ('55', '1', 'MTUWTHF', '556492', '11:34', 'NEWPORT TRANSP CENTER', '55X7'),
            ('55', '1', 'MTUWTHF', '556493', '11:54', 'NEWPORT TRANSP CENTER', 'XXXX'),
            ('55', '1', 'MTUWTHF', '556494', '12:14', 'NEWPORT TRANSP CENTER', 'XXXX'),
            ('55', '1', 'MTUWTHF', '556495', '12:36', 'NEWPORT TRANSP CENTER', 'XXX3'),
            ('55', '1', 'MTUWTHF', '556496', '12:56', 'NEWPORT TRANSP CENTER', '55X3'),
            ('55', '1', 'MTUWTHF', '556497', '13:16', 'NEWPORT TRANSP CENTER', '55X4'),
            ('55', '1', 'MTUWTHF', '556498', '13:36', 'NEWPORT TRANSP CENTER', 'XXX6'),
            ('55', '1', 'MTUWTHF', '556499', '13:47', 'NEWPORT TRANSP CENTER', 'XXX7'),
            ('55', '1', 'MTUWTHF', '556500', '14:07', 'NEWPORT TRANSP CENTER', '55X8'),
            ('55', '1', 'MTUWTHF', '556501', '14:27', 'NEWPORT TRANSP CENTER', '55X6'),
            ('55', '1', 'MTUWTHF', '556502', '14:47', 'NEWPORT TRANSP CENTER', '55X7'),
            ('55', '1', 'MTUWTHF', '556503', '15:07', 'NEWPORT TRANSP CENTER', '55X4'),
            ('55', '1', 'MTUWTHF', '556504', '15:27', 'NEWPORT TRANSP CENTER', '55X5'),
            ('55', '1', 'MTUWTHF', '556505', '15:47', 'NEWPORT TRANSP CENTER', 'XXXX'),
            ('55', '1', 'MTUWTHF', '556506', '16:07', 'NEWPORT TRANSP CENTER', 'XXX8'),
            ('55', '1', 'MTUWTHF', '556507', '16:23', 'NEWPORT TRANSP CENTER', '55X4'),
            ('55', '1', 'MTUWTHF', '556508', '16:43', 'NEWPORT TRANSP CENTER', 'XXX6'),
            ('55', '1', 'MTUWTHF', '556509', '17:01', 'NEWPORT TRANSP CENTER', 'XXXX'),
            ('55', '1', 'MTUWTHF', '556510', '17:27', 'NEWPORT TRANSP CENTER', 'XXXX'),
            ('55', '1', 'MTUWTHF', '556511', '17:49', 'NEWPORT TRANSP CENTER', 'XXXX'),
            ('55', '1', 'MTUWTHF', '556512', '18:12', 'NEWPORT TRANSP CENTER', 'XXXX'),
            ('55', '1', 'MTUWTHF', '556513', '18:32', 'NEWPORT TRANSP CENTER', 'XXX5'),
            ('55', '1', 'MTUWTHF', '556514', '18:52', 'NEWPORT TRANSP CENTER', 'XXXX'),
            ('55', '1', 'MTUWTHF', '556515', '19:17', 'NEWPORT TRANSP CENTER', 'XXXX'),
            ('55', '1', 'MTUWTHF', '556516', '19:37', 'NEWPORT TRANSP CENTER', 'XXXX'),
            ('55', '1', 'MTUWTHF', '556517', '19:57', 'NEWPORT TRANSP CENTER', 'XXXX'),
            ('55', '1', 'MTUWTHF', '556518', '20:17', 'NEWPORT TRANSP CENTER', 'XXXX'),
            ('55', '1', 'MTUWTHF', '556519', '20:57', 'NEWPORT TRANSP CENTER', 'XXXX'),
            ('55', '1', 'MTUWTHF', '556520', '21:27', 'NEWPORT TRANSP CENTER', 'XXXX'),
            ('55', '1', 'MTUWTHF', '556521', '21:57', 'NEWPORT TRANSP CENTER', 'XXXX'),
            ('55', '1', 'MTUWTHF', '556522', '22:27', 'NEWPORT TRANSP CENTER', 'XXX4'),
            ('55', '1', 'MTUWTHF', '556523', '22:57', 'NEWPORT TRANSP CENTER', 'XXXX'),
            ('55', '1', 'MTUWTHF', '556524', '23:34', 'NEWPORT TRANSP CENTER', 'XXXX'),
            ('55', '1', 'MTUWTHF', '556525', '24:04', 'NEWPORT TRANSP CENTER', 'XXXX'),
            ('55', '1', 'MTUWTHF', '556526', '24:34', 'NEWPORT TRANSP CENTER', 'XXXX'),

            --ROUTE 57/57X--
            ('57', '1', 'MTUWTHF', '657376', '03:55', 'BREA MALL', '5712'),
            ('57', '1', 'MTUWTHF', '657377', '04:11', 'BREA MALL', '5715'),
            ('57', '1', 'MTUWTHF', '657378', '04:38', 'BREA MALL', '5741'),
            ('57', '1', 'MTUWTHF', '657379', '05:03', 'BREA MALL', '5722'),
            ('57', '1', 'MTUWTHF', '657380', '05:22', 'BREA MALL', '5711'), 
            ('57', '1', 'MTUWTHF', '657381', '05:37', 'BREA MALL', '5723'), 
            ('57', '1', 'MTUWTHF', '657382', '05:52', 'BREA MALL', '5713'), 
            ('57X', '1', 'MTUWTHF', '657383', '06:09', 'BREA MALL XPRESS', '5716'),
            ('57', '1', 'MTUWTHF', '657385', '06:32', 'STATE COLLEGE & ORANGETHORPE', '5344'), 
            ('57X', '1', 'MTUWTHF', '657375', '06:36', 'BREA MALL XPRESS', '5718'),
            ('57X', '1', 'MTUWTHF', '657386', '06:53', 'BREA MALL XPRESS', '5014'), 
            ('57', '1', 'MTUWTHF', '657387', '06:56', 'STATE COLLEGE & ORANGETHORPE', '5719'), 
            ('57X', '1', 'MTUWTHF', '657388', '07:17', 'BREA MALL XPRESS', '5712'), 
            ('57', '1', 'MTUWTHF', '657389', '07:20', 'STATE COLLEGE & ORANGETHORPE', '5721'), 
            ('57X', '1', 'MTUWTHF', '657390', '07:43', 'BREA MALL XPRESS', '5715'), 
            ('57', '1', 'MTUWTHF', '657391', '07:44', 'STATE COLLEGE & ORANGETHORPE', '5741'), 
            ('57X', '1', 'MTUWTHF', '657392', '08:07', 'BREA MALL XPRESS', 'XXXX'), 
            ('57', '1', 'MTUWTHF', '657393', '08:08', 'STATE COLLEGE & ORANGETHORPE', '5717'), 
            ('57X', '1', 'MTUWTHF', '657394', '08:31', 'BREA MALL XPRESS', '5744'), 
            ('57', '1', 'MTUWTHF', '657395', '08:32', 'STATE COLLEGE & ORANGETHORPE', '8346'), 
            ('57X', '1', 'MTUWTHF', '657396', '08:55', 'BREA MALL XPRESS', '5724'), 
            ('57', '1', 'MTUWTHF', '657397', '08:56', 'STATE COLLEGE & ORANGETHORPE', '5711'), 
            ('57X', '1', 'MTUWTHF', '657398', '09:19', 'BREA MALL XPRESS', '5722'), 
            ('57', '1', 'MTUWTHF', '657399', '09:20', 'STATE COLLEGE & ORANGETHORPE', '3721'), 
            ('57X', '1', 'MTUWTHF', '657400', '09:43', 'BREA MALL XPRESS', '5728'), 
            ('57', '1', 'MTUWTHF', '657401', '09:46', 'STATE COLLEGE & ORANGETHORPE', '5729'), 
            ('57X', '1', 'MTUWTHF', '657402', '10:07', 'BREA MALL XPRESS', '5713'), 
            ('57', '1', 'MTUWTHF', '657403', '10:10', 'STATE COLLEGE & ORANGETHORPE', '5721'), 
            ('57X', '1', 'MTUWTHF', '657404', '10:22', 'BREA MALL XPRESS', '5716'), 
            ('57', '1', 'MTUWTHF', '657405', '10:32', 'STATE COLLEGE & ORANGETHORPE', '5726'),
            ('57X', '1', 'MTUWTHF', '657406', '10:46', 'BREA MALL XPRESS', '5718'), 
            ('57', '1', 'MTUWTHF', '657407', '10:58', 'STATE COLLEGE & ORANGETHORPE', '5714'), 
            ('57X', '1', 'MTUWTHF', '657408', '11:10', 'BREA MALL XPRESS', '5712'), 
            ('57', '1', 'MTUWTHF', '657409', '11:22', 'STATE COLLEGE & ORANGETHORPE', '5732'),
            ('57X', '1', 'MTUWTHF', '657410', '11:35', 'BREA MALL XPRESS', '5715'), 
            ('57', '1', 'MTUWTHF', '657411', '11:40', 'STATE COLLEGE & ORANGETHORPE', '5733'),
            ('57X', '1', 'MTUWTHF', '657412', '11:59', 'BREA MALL XPRESS', '5742'), 
            ('57', '1', 'MTUWTHF', '657413', '12:04', 'STATE COLLEGE & ORANGETHORPE', '5711'),
            ('57X', '1', 'MTUWTHF', '657414', '12:23', 'BREA MALL XPRESS', '5745'), 
            ('57', '1', 'MTUWTHF', '657415', '12:28', 'STATE COLLEGE & ORANGETHORPE', '5731'),
            ('57X', '1', 'MTUWTHF', '657416', '12:47', 'BREA MALL XPRESS', '5744'), 
            ('57', '1', 'MTUWTHF', '657417', '12:52', 'STATE COLLEGE & ORANGETHORPE', '5729'),
            ('57X', '1', 'MTUWTHF', '657418', '13:09', 'BREA MALL XPRESS', '5720'), 
            ('57', '1', 'MTUWTHF', '657419', '13:16', 'STATE COLLEGE & ORANGETHORPE', '5721'),
            ('57X', '1', 'MTUWTHF', '657420', '13:33', 'BREA MALL XPRESS', '5725'), 
            ('57', '1', 'MTUWTHF', '657421', '13:40', 'STATE COLLEGE & ORANGETHORPE', '5727'),
            ('57X', '1', 'MTUWTHF', '657422', '13:57', 'BREA MALL XPRESS', '5728'), 
            ('57', '1', 'MTUWTHF', '657423', '14:04', 'STATE COLLEGE & ORANGETHORPE', '5714'),
            ('57X', '1', 'MTUWTHF', '657424', '14:21', 'BREA MALL XPRESS', '5713'),
            ('57', '1', 'MTUWTHF', '657425', '14:28', 'STATE COLLEGE & ORANGETHORPE', '5732'),
            ('57X', '1', 'MTUWTHF', '657426', '14:41', 'BREA MALL XPRESS', '5736'),
            ('57', '1', 'MTUWTHF', '657427', '14:52', 'STATE COLLEGE & ORANGETHORPE', '5733'),
            ('57X', '1', 'MTUWTHF', '657428', '15:05', 'BREA MALL XPRESS', '5730'),
            ('57', '1', 'MTUWTHF', '657457', '15:16', 'STATE COLLEGE & ORANGETHORPE', '5734'),
            ('57X', '1', 'MTUWTHF', '657430', '15:29', 'BREA MALL XPRESS', '5743'),
            ('57', '1', 'MTUWTHF', '657431', '15:35', 'STATE COLLEGE & ORANGETHORPE', '5731'),
            ('57X', '1', 'MTUWTHF', '657432', '15:53', 'BREA MALL XPRESS', '5735'),
            ('57', '1', 'MTUWTHF', '657433', '15:59', 'STATE COLLEGE & ORANGETHORPE', '5729'),
            ('57X', '1', 'MTUWTHF', '657434', '16:17', 'BREA MALL XPRESS', '5725'),
            ('57', '1', 'MTUWTHF', '657435', '16:23', 'STATE COLLEGE & ORANGETHORPE', '5738'),
            ('57X', '1', 'MTUWTHF', '657384', '16:41', 'BREA MALL XPRESS', '5742'),
            ('57', '1', 'MTUWTHF', '657436', '16:47', 'STATE COLLEGE & ORANGETHORPE', '5727'),
            ('57X', '1', 'MTUWTHF', '657437', '17:05', 'BREA MALL XPRESS', '5741'),
            ('57', '1', 'MTUWTHF', '657438', '17:11', 'STATE COLLEGE & ORANGETHORPE', '5714'),
            ('57X', '1', 'MTUWTHF', '657439', '17:23', 'BREA MALL XPRESS', '5744'),
            ('57', '1', 'MTUWTHF', '657440', '17:35', 'STATE COLLEGE & ORANGETHORPE', '5732'),
            ('57X', '1', 'MTUWTHF', '657441', '17:47', 'BREA MALL XPRESS', '5720'),
            ('57', '1', 'MTUWTHF', '657442', '17:59', 'STATE COLLEGE & ORANGETHORPE', '5733'),
            ('57X', '1', 'MTUWTHF', '657443', '18:11', 'BREA MALL XPRESS', '5737'),
            ('57', '1', 'MTUWTHF', '657444', '18:36', 'BREA MALL', '5728'),
            ('57', '1', 'MTUWTHF', '657445', '18:48', 'STATE COLLEGE & ORANGETHORPE', '5731'),
            ('57', '1', 'MTUWTHF', '657447', '19:00', 'BREA MALL', '5713'),
            ('57', '1', 'MTUWTHF', '657448', '19:30', 'BREA MALL', '5730'),
            ('57', '1', 'MTUWTHF', '657449', '20:00', 'BREA MALL', '5743'),
            ('57', '1', 'MTUWTHF', '657450', '20:30', 'BREA MALL', '5735'),
            ('57', '1', 'MTUWTHF', '657451', '21:00', 'BREA MALL', '5725'),
            ('57', '1', 'MTUWTHF', '657452', '21:30', 'BREA MALL', '5742'),
            ('57', '1', 'MTUWTHF', '657453', '22:30', 'BREA MALL', '5018'),
            ('57', '1', 'MTUWTHF', '657454', '23:30', 'BREA MALL', '5730'),
            ('57', '1', 'MTUWTHF', '657455', '24:30', 'BREA MALL', '5735'),
            ('57', '1', 'MTUWTHF', '657476', '03:58', 'NEWPORT TRANSP CENTER', '5711'), 
            ('57', '1', 'MTUWTHF', '657477', '04:13', 'NEWPORT TRANSP CENTER', '5713'),   
            ('57', '1', 'MTUWTHF', '657478', '04:28', 'NEWPORT TRANSP CENTER', '5716'),   
            ('57', '1', 'MTUWTHF', '657479', '04:43', 'NEWPORT TRANSP CENTER', '5718'), 
            ('57', '1', 'MTUWTHF', '657480', '04:58', 'NEWPORT TRANSP CENTER', '5719'), 
            ('57', '1', 'MTUWTHF', '657479', '05:13', 'NEWPORT TRANSP CENTER', '5721'),
            ('57', '1', 'MTUWTHF', '657480', '05:20', 'NEWPORT TRANSP CENTER', '5712'),  
            ('57', '1', 'MTUWTHF', '657481', '05:35', 'NEWPORT TRANSP CENTER', '5723'), 
            ('57', '1', 'MTUWTHF', '657482', '05:50', 'NEWPORT TRANSP CENTER', '5715'),  
            ('57X', '1', 'MTUWTHF', '657483', '06:02', 'NEWPORT TRANSP CENTER XPRESS', '5511'), 
            ('57X', '1', 'MTUWTHF', '657484', '06:26', 'NEWPORT TRANSP CENTER XPRESS', '5744'),   
            ('57', '1', 'MTUWTHF', '657481', '06:33', 'SOUTH COAST PLAZA', '5741'), 
            ('57X', '1', 'MTUWTHF', '657482', '06:43', 'NEWPORT TRANSP CENTER XPRESS', '5724'),  
            ('57', '1', 'MTUWTHF', '657483', '06:57', 'SOUTH COAST PLAZA', '5717'), 
            ('57X', '1', 'MTUWTHF', '657484', '07:07', 'NEWPORT TRANSP CENTER XPRESS', '5722'), 
            ('57', '1', 'MTUWTHF', '657485', '07:16', 'SOUTH COAST PLAZA', '5711'), 
            ('57X', '1', 'MTUWTHF', '657486', '07:35', 'NEWPORT TRANSP CENTER XPRESS', '5723'),   
            ('57', '1', 'MTUWTHF', '657487', '07:40', 'SOUTH COAST PLAZA', '5322'),   
            ('57X', '1', 'MTUWTHF', '657488', '07:59', 'NEWPORT TRANSP CENTER XPRESS', '5713'), 
            ('57', '1', 'MTUWTHF', '657490', '08:04', 'SOUTH COAST PLAZA', '5344'), 
            ('57X', '1', 'MTUWTHF', '657491', '08:23', 'NEWPORT TRANSP CENTER XPRESS', '5716'),   
            ('57', '1', 'MTUWTHF', '657492', '08:28', 'SOUTH COAST PLAZA', '5719'),   
            ('57X', '1', 'MTUWTHF', '657493', '08:51', 'NEWPORT TRANSP CENTER XPRESS', '5718'),   
            ('57', '1', 'MTUWTHF', '657494', '08:56', 'SOUTH COAST PLAZA', '5721'), 
            ('57X', '1', 'MTUWTHF', '657495', '09:15', 'NEWPORT TRANSP CENTER XPRESS', '5712'),   
            ('57', '1', 'MTUWTHF', '657496', '09:20', 'SOUTH COAST PLAZA', '5726'),   
            ('57X', '1', 'MTUWTHF', '657497', '09:39', 'NEWPORT TRANSP CENTER XPRESS', '5715'),   
            ('57', '1', 'MTUWTHF', '657498', '09:44', 'SOUTH COAST PLAZA', '5714'), 
            ('57X', '1', 'MTUWTHF', '657499', '10:03', 'NEWPORT TRANSP CENTER XPRESS', '5742'),   
            ('57', '1', 'MTUWTHF', '657500', '10:08', 'SOUTH COAST PLAZA', '5347'),   
            ('57X', '1', 'MTUWTHF', '657501', '10:27', 'NEWPORT TRANSP CENTER XPRESS', '5745'),   
            ('57', '1', 'MTUWTHF', '657502', '10:32', 'SOUTH COAST PLAZA', '5711'), 
            ('57X', '1', 'MTUWTHF', '657489', '10:45', 'NEWPORT TRANSP CENTER XPRESS', '5744'),   
            ('57', '1', 'MTUWTHF', '657503', '10:56', 'SOUTH COAST PLAZA', '5731'),   
            ('57X', '1', 'MTUWTHF', '657504', '11:09', 'NEWPORT TRANSP CENTER XPRESS', '5720'),   
            ('57', '1', 'MTUWTHF', '657505', '11:20', 'SOUTH COAST PLAZA', '5729'),   
            ('57X', '1', 'MTUWTHF', '657506', '11:33', 'NEWPORT TRANSP CENTER XPRESS', '5725'),  
            ('57', '1', 'MTUWTHF', '657507', '11:39', 'SOUTH COAST PLAZA', '5721'),   
            ('57X', '1', 'MTUWTHF', '657508', '11:56', 'NEWPORT TRANSP CENTER XPRESS', '5728'),  
            ('57', '1', 'MTUWTHF', '657473', '12:02', 'SOUTH COAST PLAZA', '5727'), 
            ('57X', '1', 'MTUWTHF', '657474', '12:20', 'NEWPORT TRANSP CENTER XPRESS', '5713'),   
            ('57', '1', 'MTUWTHF', '657509', '12:26', 'SOUTH COAST PLAZA', '5714'),   
            ('57X', '1', 'MTUWTHF', '657510', '12:44', 'NEWPORT TRANSP CENTER XPRESS', '5730'),  
            ('57', '1', 'MTUWTHF', '657511', '12:50', 'SOUTH COAST PLAZA', '5732'),   
            ('57X', '1', 'MTUWTHF', '657512', '13:08', 'NEWPORT TRANSP CENTER XPRESS', '5743'),   
            ('57', '1', 'MTUWTHF', '657513', '13:14', 'SOUTH COAST PLAZA', '5733'),   
            ('57X', '1', 'MTUWTHF', '657514', '13:32', 'NEWPORT TRANSP CENTER XPRESS', '5735'),  
            ('57', '1', 'MTUWTHF', '657515', '13:38', 'SOUTH COAST PLAZA', '5711'),   
            ('57X', '1', 'MTUWTHF', '657516', '13:56', 'NEWPORT TRANSP CENTER XPRESS', '5725'),   
            ('57', '1', 'MTUWTHF', '657517', '14:02', 'SOUTH COAST PLAZA', '5731'),   
            ('57X', '1', 'MTUWTHF', '657518', '14:14', 'NEWPORT TRANSP CENTER XPRESS', '5742'), 
            ('57', '1', 'MTUWTHF', '657519', '14:26', 'SOUTH COAST PLAZA', '5729'),   
            ('57X', '1', 'MTUWTHF', '657521', '14:38', 'NEWPORT TRANSP CENTER XPRESS', '5741'),  
            ('57', '1', 'MTUWTHF', '657522', '14:50', 'SOUTH COAST PLAZA', '5734'), 
            ('57X', '1', 'MTUWTHF', '657523', '15:02', 'NEWPORT TRANSP CENTER XPRESS', '5744'),        
            ('57', '1', 'MTUWTHF', '657524', '15:14', 'SOUTH COAST PLAZA', '5727'),
            ('57X', '1', 'MTUWTHF', '657525', '15:26', 'NEWPORT TRANSP CENTER XPRESS', '5720'),     
            ('57', '1', 'MTUWTHF', '657526', '15:38', 'SOUTH COAST PLAZA', '5714'),  
            ('57X', '1', 'MTUWTHF', '657527', '15:50', 'NEWPORT TRANSP CENTER XPRESS', '5737'), 
            ('57', '1', 'MTUWTHF', '657528', '16:02', 'SOUTH COAST PLAZA', '5732'),   
            ('57X', '1', 'MTUWTHF', '657557', '16:14', 'NEWPORT TRANSP CENTER XPRESS', '5728'), 
            ('57', '1', 'MTUWTHF', '657530', '16:26', 'SOUTH COAST PLAZA', '5733'),
            ('57X', '1', 'MTUWTHF', '657531', '16:38', 'NEWPORT TRANSP CENTER XPRESS', '5713'),  
            ('57', '1', 'MTUWTHF', '657532', '16:50', 'SOUTH COAST PLAZA', '5734'),  
            ('57X', '1', 'MTUWTHF', '657533', '17:02', 'NEWPORT TRANSP CENTER XPRESS', '5736'),
            ('57', '1', 'MTUWTHF', '657534', '17:14', 'SOUTH COAST PLAZA', '5731'),
            ('57X', '1', 'MTUWTHF', '657535', '17:28', 'NEWPORT TRANSP CENTER XPRESS', '5730'),  
            ('57', '1', 'MTUWTHF', '657536', '17:38', 'SOUTH COAST PLAZA', '5729'),  
            ('57X', '1', 'MTUWTHF', '657537', '17:52', 'NEWPORT TRANSP CENTER XPRESS', '5743'),  
            ('57', '1', 'MTUWTHF', '657538', '18:02', 'SOUTH COAST PLAZA', '5738'),
            ('57', '1', 'MTUWTHF', '657539', '18:09', 'NEWPORT TRANSP CENTER', '5735'),
            ('57', '1', 'MTUWTHF', '657538', '18:32', 'SOUTH COAST PLAZA', '5727'),  
            ('57', '1', 'MTUWTHF', '657540', '18:41', 'NEWPORT TRANSP CENTER', '5725'),  
            ('57', '1', 'MTUWTHF', '657541', '19:11', 'NEWPORT TRANSP CENTER', '5742'),
            ('57', '1', 'MTUWTHF', '657542', '19:41', 'NEWPORT TRANSP CENTER', '5744'),
            ('57', '1', 'MTUWTHF', '657543', '20:11', 'NEWPORT TRANSP CENTER', '5018'),  
            ('57', '1', 'MTUWTHF', '657544', '20:41', 'NEWPORT TRANSP CENTER', '5728'),  
            ('57', '1', 'MTUWTHF', '657545', '21:46', 'NEWPORT TRANSP CENTER', '5730'),
            ('57', '1', 'MTUWTHF', '657546', '22:46', 'NEWPORT TRANSP CENTER', '5735'),  
            ('57', '1', 'MTUWTHF', '657547', '23:46', 'NEWPORT TRANSP CENTER', '113'),  
            ('57', '1', 'MTUWTHF', '657548', '24:31', 'NEWPORT TRANSP CENTER', '5018'),      

            --ROUTE 60--
            ('60', '1', 'MTUWTHF', '660376', '03:54', 'LARWIN SQUARE', '5011'),
            ('60', '1', 'MTUWTHF', '660377', '04:26', 'LARWIN SQUARE', '6042'),
            ('60', '1', 'MTUWTHF', '660378', '04:44', 'LARWIN SQUARE', '6011'),
            ('60', '1', 'MTUWTHF', '660379', '05:04', 'LARWIN SQUARE', '6442'),
            ('60', '1', 'MTUWTHF', '660380', '05:24', 'LARWIN SQUARE', '6041'),
            ('60', '1', 'MTUWTHF', '660381', '05:41', 'LARWIN SQUARE', '6646'),
            ('60', '1', 'MTUWTHF', '660382', '05:52', 'LARWIN SQUARE', '6044'),
            ('60', '1', 'MTUWTHF', '660383', '06:31', 'LARWIN SQUARE', '6012'),
            ('60', '1', 'MTUWTHF', '660384', '06:51', 'LARWIN SQUARE', '6042'),
            ('60', '1', 'MTUWTHF', '660386', '07:11', 'LARWIN SQUARE', '6011'),
            ('60', '1', 'MTUWTHF', '660387', '07:31', 'LARWIN SQUARE', '6414'),
            ('60', '1', 'MTUWTHF', '660389', '07:50', 'LARWIN SQUARE', '5611'),
            ('60', '1', 'MTUWTHF', '660390', '08:07', 'LARWIN SQUARE', '6014'),
            ('60', '1', 'MTUWTHF', '660391', '08:29', 'LARWIN SQUARE', '6013'),
            ('60', '1', 'MTUWTHF', '660392', '08:49', 'LARWIN SQUARE', '6043'),
            ('60', '1', 'MTUWTHF', '660393', '09:09', 'LARWIN SQUARE', '6044'),
            ('60', '1', 'MTUWTHF', '660394', '09:29', 'LARWIN SQUARE', '6012'),
            ('60', '1', 'MTUWTHF', '660395', '09:49', 'LARWIN SQUARE', '6045'),
            ('60', '1', 'MTUWTHF', '660396', '10:11', 'LARWIN SQUARE', '6647'),
            ('60', '1', 'MTUWTHF', '660397', '10:31', 'LARWIN SQUARE', '6041'),
            ('60', '1', 'MTUWTHF', '660398', '10:51', 'LARWIN SQUARE', '6014'),
            ('60', '1', 'MTUWTHF', '660399', '11:13', 'LARWIN SQUARE', '6013'),
            ('60', '1', 'MTUWTHF', '660400', '11:33', 'LARWIN SQUARE', '6043'),
            ('60', '1', 'MTUWTHF', '660401', '11:53', 'LARWIN SQUARE', '6044'),
            ('60', '1', 'MTUWTHF', '660402', '12:13', 'LARWIN SQUARE', 'XXXX'), --RESERVED FOR A 56 BUS INTERLINE
            ('60', '1', 'MTUWTHF', '660403', '12:30', 'LARWIN SQUARE', '6012'),
            ('60', '1', 'MTUWTHF', '660404', '12:47', 'LARWIN SQUARE', '6046'),
            ('60', '1', 'MTUWTHF', '660405', '13:07', 'LARWIN SQUARE', '6047'),
            ('60', '1', 'MTUWTHF', '660406', '13:27', 'LARWIN SQUARE', '6015'),
            ('60', '1', 'MTUWTHF', '660407', '13:47', 'LARWIN SQUARE', '6045'),
            ('60', '1', 'MTUWTHF', '660408', '14:07', 'LARWIN SQUARE', '6451'),
            ('60', '1', 'MTUWTHF', '660409', '14:27', 'LARWIN SQUARE', '6043'),
            ('60', '1', 'MTUWTHF', '660410', '14:45', 'LARWIN SQUARE', '6044'),
            ('60', '1', 'MTUWTHF', '660411', '15:07', 'LARWIN SQUARE', '6016'),
            ('60', '1', 'MTUWTHF', '660412', '15:27', 'LARWIN SQUARE', '6017'),
            ('60', '1', 'MTUWTHF', '660413', '15:47', 'LARWIN SQUARE', '6048'),
            ('60', '1', 'MTUWTHF', '660414', '16:07', 'LARWIN SQUARE', '6046'),
            ('60', '1', 'MTUWTHF', '660415', '16:26', 'LARWIN SQUARE', '6047'),
            ('60', '1', 'MTUWTHF', '660416', '16:46', 'LARWIN SQUARE', '5544'),
            ('60', '1', 'MTUWTHF', '660417', '17:06', 'LARWIN SQUARE', '6045'),
            ('60', '1', 'MTUWTHF', '660418', '17:26', 'LARWIN SQUARE', '5448'),
            ('60', '1', 'MTUWTHF', '660419', '17:50', 'LARWIN SQUARE', '6018'),
            ('60', '1', 'MTUWTHF', '660420', '18:07', 'LARWIN SQUARE', '6050'),
            ('60', '1', 'MTUWTHF', '660421', '18:10', 'LARWIN SQUARE', '6044'),
            ('60', '1', 'MTUWTHF', '660422', '18:27', 'LARWIN SQUARE', '6016'),
            ('60', '1', 'MTUWTHF', '660423', '18:54', 'LARWIN SQUARE', '6049'),
            ('60', '1', 'MTUWTHF', '660424', '19:16', 'LARWIN SQUARE', '6048'),
            ('60', '1', 'MTUWTHF', '660425', '19:45', 'LARWIN SQUARE', '6015'),
            ('60', '1', 'MTUWTHF', '660426', '20:19', 'LARWIN SQUARE', '4341'),
            ('60', '1', 'MTUWTHF', '660427', '20:49', 'LARWIN SQUARE', '6014'),
            ('60', '1', 'MTUWTHF', '660428', '21:19', 'LARWIN SQUARE', '116'),
            ('60', '1', 'MTUWTHF', '660429', '21:57', 'LARWIN SQUARE', '2916'),
            ('60', '1', 'MTUWTHF', '660430', '22:27', 'LARWIN SQUARE', '6048'),
            ('60', '1', 'MTUWTHF', '660431', '22:57', 'LARWIN SQUARE', '144'),
            ('60', '1', 'MTUWTHF', '660432', '23:27', 'LARWIN SQUARE', '4750'),
            ('60', '1', 'MTUWTHF', '660433', '23:57', 'LARWIN SQUARE', '6014'),
            ('60', '1', 'MTUWTHF', '660434', '24:27', 'LARWIN SQUARE', '6611'),
            ('60', '1', 'MTUWTHF', '660476', '04:00', 'LONG BEACH - CAL STATE LONG BEACH', '6041'),
            ('60', '1', 'MTUWTHF', '660477', '04:30', 'LONG BEACH - CAL STATE LONG BEACH', '6043'),
            ('60', '1', 'MTUWTHF', '660478', '04:50', 'LONG BEACH - CAL STATE LONG BEACH', '6012'),
            ('60', '1', 'MTUWTHF', '660479', '05:07', 'LONG BEACH - CAL STATE LONG BEACH', '5011'),
            ('60', '1', 'MTUWTHF', '660480', '05:27', 'LONG BEACH - CAL STATE LONG BEACH', '5013'),
            ('60', '1', 'MTUWTHF', '660481', '05:41', 'LONG BEACH - CAL STATE LONG BEACH', '6042'),
            ('60', '1', 'MTUWTHF', '660482', '05:57', 'WESTMINSTER - WESTMINSTER & GOLDENWEST', '6011'),
            ('60', '1', 'MTUWTHF', '660483', '06:17', 'WESTMINSTER - WESTMINSTER & GOLDENWEST', '6015'),
            ('60', '1', 'MTUWTHF', '660484', '06:33', 'WESTMINSTER - WESTMINSTER & GOLDENWEST', '6014'),
            ('60', '1', 'MTUWTHF', '660485', '06:55', 'WESTMINSTER - WESTMINSTER & GOLDENWEST', '5412'),
            ('60', '1', 'MTUWTHF', '660486', '07:08', 'WESTMINSTER - WESTMINSTER & GOLDENWEST', '6013'),
            ('60', '1', 'MTUWTHF', '660487', '07:28', 'WESTMINSTER - WESTMINSTER & GOLDENWEST', '6043'),
            ('60', '1', 'MTUWTHF', '660488', '07:48', 'WESTMINSTER - WESTMINSTER & GOLDENWEST', '6044'),
            ('60', '1', 'MTUWTHF', '660489', '08:08', 'WESTMINSTER - WESTMINSTER & GOLDENWEST', '6012'),
            ('60', '1', 'MTUWTHF', '660490', '08:28', 'WESTMINSTER - WESTMINSTER & GOLDENWEST', '6045'),
            ('60', '1', 'MTUWTHF', '660491', '08:50', 'WESTMINSTER - WESTMINSTER & GOLDENWEST', '6647'),
            ('60', '1', 'MTUWTHF', '660492', '08:48', 'WESTMINSTER - WESTMINSTER & GOLDENWEST', '6046'),
            ('60', '1', 'MTUWTHF', '660493', '09:10', 'WESTMINSTER - WESTMINSTER & GOLDENWEST', '6041'),
            ('60', '1', 'MTUWTHF', '660494', '09:30', 'WESTMINSTER - WESTMINSTER & GOLDENWEST', '6014'),
            ('60', '1', 'MTUWTHF', '660495', '09:52', 'WESTMINSTER - WESTMINSTER & GOLDENWEST', '6013'),
            ('60', '1', 'MTUWTHF', '660496', '10:12', 'WESTMINSTER - WESTMINSTER & GOLDENWEST', '6043'),
            ('60', '1', 'MTUWTHF', '660497', '10:32', 'WESTMINSTER - WESTMINSTER & GOLDENWEST', '6044'),
            ('60', '1', 'MTUWTHF', '660490', '10:52', 'WESTMINSTER - WESTMINSTER & GOLDENWEST', '6012'),
            ('60', '1', 'MTUWTHF', '660491', '11:12', 'WESTMINSTER - WESTMINSTER & GOLDENWEST', '5318'),
            ('60', '1', 'MTUWTHF', '660492', '11:34', 'WESTMINSTER - WESTMINSTER & GOLDENWEST', '6047'),
            ('60', '1', 'MTUWTHF', '660493', '11:54', 'WESTMINSTER - WESTMINSTER & GOLDENWEST', '6041'),
            ('60', '1', 'MTUWTHF', '660494', '12:14', 'WESTMINSTER - WESTMINSTER & GOLDENWEST', '5450'),
            ('60', '1', 'MTUWTHF', '660495', '12:36', 'WESTMINSTER - WESTMINSTER & GOLDENWEST', '5644'),
            ('60', '1', 'MTUWTHF', '660496', '12:56', 'WESTMINSTER - WESTMINSTER & GOLDENWEST', '6043'),
            ('60', '1', 'MTUWTHF', '660497', '13:16', 'WESTMINSTER - WESTMINSTER & GOLDENWEST', '6044'),
            ('60', '1', 'MTUWTHF', '660498', '13:36', 'WESTMINSTER - WESTMINSTER & GOLDENWEST', '6016'),
            ('60', '1', 'MTUWTHF', '660499', '13:47', 'WESTMINSTER - WESTMINSTER & GOLDENWEST', '6017'),
            ('60', '1', 'MTUWTHF', '660500', '14:07', 'WESTMINSTER - WESTMINSTER & GOLDENWEST', '6048'),
            ('60', '1', 'MTUWTHF', '660501', '14:27', 'WESTMINSTER - WESTMINSTER & GOLDENWEST', '6046'),
            ('60', '1', 'MTUWTHF', '660502', '14:47', 'WESTMINSTER - WESTMINSTER & GOLDENWEST', '6047'),
            ('60', '1', 'MTUWTHF', '660503', '15:07', 'WESTMINSTER - WESTMINSTER & GOLDENWEST', '5544'),
            ('60', '1', 'MTUWTHF', '660504', '15:27', 'WESTMINSTER - WESTMINSTER & GOLDENWEST', '6045'),
            ('60', '1', 'MTUWTHF', '660505', '15:47', 'WESTMINSTER - WESTMINSTER & GOLDENWEST', '5448'),
            ('60', '1', 'MTUWTHF', '660506', '16:07', 'WESTMINSTER - WESTMINSTER & GOLDENWEST', '6018'),
            ('60', '1', 'MTUWTHF', '660507', '16:23', 'WESTMINSTER - WESTMINSTER & GOLDENWEST', '6044'),
            ('60', '1', 'MTUWTHF', '660508', '16:43', 'WESTMINSTER - WESTMINSTER & GOLDENWEST', '6016'),
            ('60', '1', 'MTUWTHF', '660509', '17:01', 'WESTMINSTER - WESTMINSTER & GOLDENWEST', '6049'),
            ('60', '1', 'MTUWTHF', '660510', '17:27', 'WESTMINSTER - WESTMINSTER & GOLDENWEST', '6048'),
            ('60', '1', 'MTUWTHF', '660511', '17:49', 'WESTMINSTER - WESTMINSTER & GOLDENWEST', '6015'),
            ('60', '1', 'MTUWTHF', '660512', '18:12', 'LONG BEACH - CAL STATE LONG BEACH', '6047'),
            ('60', '1', 'MTUWTHF', '660513', '18:32', 'LONG BEACH - CAL STATE LONG BEACH', '6417'),
            ('60', '1', 'MTUWTHF', '660514', '18:52', 'LONG BEACH - CAL STATE LONG BEACH', '6045'),
            ('60', '1', 'MTUWTHF', '660515', '19:17', 'LONG BEACH - CAL STATE LONG BEACH', '5448'),
            ('60', '1', 'MTUWTHF', '660516', '19:37', 'LONG BEACH - CAL STATE LONG BEACH', '6044'),
            ('60', '1', 'MTUWTHF', '660517', '19:57', 'LONG BEACH - CAL STATE LONG BEACH', '6050'),
            ('60', '1', 'MTUWTHF', '660518', '20:17', 'LONG BEACH - CAL STATE LONG BEACH', '6049'),
            ('60', '1', 'MTUWTHF', '660519', '20:57', 'LONG BEACH - CAL STATE LONG BEACH', '6048'),
            ('60', '1', 'MTUWTHF', '660520', '21:27', 'LONG BEACH - CAL STATE LONG BEACH', '6015'),
            ('60', '1', 'MTUWTHF', '660521', '21:57', 'LONG BEACH - CAL STATE LONG BEACH', '6446'),
            ('60', '1', 'MTUWTHF', '660522', '22:27', 'LONG BEACH - CAL STATE LONG BEACH', '6014'),
            ('60', '1', 'MTUWTHF', '660523', '22:57', 'LONG BEACH - CAL STATE LONG BEACH', '116'),
            ('60', '1', 'MTUWTHF', '660524', '23:34', 'LONG BEACH - CAL STATE LONG BEACH', '2916'),
            ('60', '1', 'MTUWTHF', '660525', '24:04', 'LONG BEACH - CAL STATE LONG BEACH', '6048'),
            ('60', '1', 'MTUWTHF', '660526', '24:34', 'LONG BEACH - CAL STATE LONG BEACH', '144'),

            --ROUTE 64/64X--
            ('64', '1', 'MTUWTHF', '664376', '04:23', 'LARWIN SQUARE ', '6441'),
            ('64', '1', 'MTUWTHF', '664377', '04:39', 'LARWIN SQUARE ', '6443'),
            ('64', '1', 'MTUWTHF', '664378', '04:59', 'LARWIN SQUARE ', '6445'),
            ('64', '1', 'MTUWTHF', '664379', '05:14', 'LARWIN SQUARE ', '6411'),
            ('64', '1', 'MTUWTHF', '664380', '05:22', 'LARWIN SQUARE ', '6014'), 
            ('64X', '1', 'MTUWTHF', '664381', '05:45', 'LARWIN SQUARE XPRESS ', '6013'), 
            ('64', '1', 'MTUWTHF', '664382', '05:51', 'LARWIN SQUARE ', '6412'), 
            ('64', '1', 'MTUWTHF', '664374', '06:08', 'LARWIN SQUARE ', '6444'),
            ('64X', '1', 'MTUWTHF', '664383', '06:15', 'LARWIN SQUARE XPRESS', '6611'),
            ('64X', '1', 'MTUWTHF', '664375', '06:36', 'LARWIN SQUARE XPRESS', '6443'),
            ('64', '1', 'MTUWTHF', '664384', '06:38', 'LARWIN SQUARE', '6441'), 
            ('64X', '1', 'MTUWTHF', '664386', '07:06', 'LARWIN SQUARE XPRESS', '6413'), 
            ('64', '1', 'MTUWTHF', '664387', '07:10', 'LARWIN SQUARE', '6446'), 
            ('64', '1', 'MTUWTHF', '664373', '07:20', 'LARWIN SQUARE', '6448'), 
            ('64X', '1', 'MTUWTHF', '664388', '07:24', 'LARWIN SQUARE XPRESS', '6442'), 
            ('64X', '1', 'MTUWTHF', '664372', '07:44', 'LARWIN SQUARE XPRESS', '6015'), 
            ('64', '1', 'MTUWTHF', '664389', '07:53', 'LARWIN SQUARE', '6041'), 
            ('64X', '1', 'MTUWTHF', '664390', '08:05', 'LARWIN SQUARE XPRESS', '5411'), 
            ('64', '1', 'MTUWTHF', '664391', '08:13', 'LARWIN SQUARE', '6415'), 
            ('64X', '1', 'MTUWTHF', '664392', '08:38', 'LARWIN SQUARE XPRESS', '6444'), 
            ('64', '1', 'MTUWTHF', '664393', '08:50', 'LARWIN SQUARE', '6447'), 
            ('64X', '1', 'MTUWTHF', '664394', '09:09', 'LARWIN SQUARE XPRESS', '6441'), 
            ('64', '1', 'MTUWTHF', '664395', '09:16', 'LARWIN SQUARE', '6443'), 
            ('64X', '1', 'MTUWTHF', '664396', '09:43', 'LARWIN SQUARE XPRESS', '6011'), 
            ('64', '1', 'MTUWTHF', '664397', '09:52', 'LARWIN SQUARE', '6413'), 
            ('64X', '1', 'MTUWTHF', '664398', '10:13', 'LARWIN SQUARE XPRESS', '6414'), 
            ('64', '1', 'MTUWTHF', '664399', '10:26', 'LARWIN SQUARE', '6015'), 
            ('64X', '1', 'MTUWTHF', '664400', '10:49', 'LARWIN SQUARE XPRESS', '6415'), 
            ('64', '1', 'MTUWTHF', '664401', '10:58', 'LARWIN SQUARE', '6444'), 
            ('64X', '1', 'MTUWTHF', '664402', '11:19', 'LARWIN SQUARE XPRESS', '6441'), 
            ('64', '1', 'MTUWTHF', '664403', '11:28', 'LARWIN SQUARE', '5451'), 
            ('64X', '1', 'MTUWTHF', '664404', '11:49', 'LARWIN SQUARE XPRESS', '6449'), 
            ('64', '1', 'MTUWTHF', '664405', '11:58', 'LARWIN SQUARE', '6016'),
            ('64X', '1', 'MTUWTHF', '664406', '12:20', 'LARWIN SQUARE XPRESS', '6017'), 
            ('64', '1', 'MTUWTHF', '664407', '12:28', 'LARWIN SQUARE', '6413'), 
            ('64X', '1', 'MTUWTHF', '664408', '12:50', 'LARWIN SQUARE XPRESS', '6414'), 
            ('64', '1', 'MTUWTHF', '664409', '13:00', 'LARWIN SQUARE', '5520'),
            ('64X', '1', 'MTUWTHF', '664410', '13:20', 'LARWIN SQUARE XPRESS', '6446'), --COMING FROM THE 54/56  
            ('64', '1', 'MTUWTHF', '664411', '13:25', 'LARWIN SQUARE', '6041'),
            ('64X', '1', 'MTUWTHF', '664412', '13:40', 'LARWIN SQUARE XPRESS', '6444'), 
            ('64', '1', 'MTUWTHF', '664413', '13:45', 'LARWIN SQUARE', '6614'),
            ('64X', '1', 'MTUWTHF', '664414', '14:00', 'LARWIN SQUARE XPRESS', '6441'), 
            ('64', '1', 'MTUWTHF', '664415', '14:04', 'LARWIN SQUARE', '6013'),
            ('64X', '1', 'MTUWTHF', '664416', '14:20', 'LARWIN SQUARE XPRESS', '6450'), 
            ('64', '1', 'MTUWTHF', '664417', '14:24', 'LARWIN SQUARE', '5448'),
            ('64', '1', 'MTUWTHF', '664418', '14:39', 'LARWIN SQUARE', '6417'),
            ('64X', '1', 'MTUWTHF', '664419', '14:40', 'LARWIN SQUARE XPRESS', '6449'),
            ('64', '1', 'MTUWTHF', '664420', '14:59', 'LARWIN SQUARE', '6413'),
            ('64X', '1', 'MTUWTHF', '664421', '15:00', 'LARWIN SQUARE XPRESS', '6416'), 
            ('64X', '1', 'MTUWTHF', '664422', '15:20', 'LARWIN SQUARE XPRESS', '6414'),
            ('64', '1', 'MTUWTHF', '664423', '15:29', 'LARWIN SQUARE', '6448'), 
            ('64X', '1', 'MTUWTHF', '664424', '15:51', 'LARWIN SQUARE XPRESS', '6041'), 
            ('64', '1', 'MTUWTHF', '664425', '15:56', 'LARWIN SQUARE', '6446'),
            ('64X', '1', 'MTUWTHF', '664426', '16:24', 'LARWIN SQUARE XPRESS', '6452'),
            ('64', '1', 'MTUWTHF', '664427', '16:24', 'LARWIN SQUARE', '6015'),
            ('64X', '1', 'MTUWTHF', '664428', '16:46', 'LARWIN SQUARE XPRESS', '6441'),
            ('64', '1', 'MTUWTHF', '664429', '16:55', 'LARWIN SQUARE', '6450'),
            ('64X', '1', 'MTUWTHF', '664430', '17:19', 'LARWIN SQUARE XPRESS', '6417'),
            ('64', '1', 'MTUWTHF', '664431', '17:26', 'LARWIN SQUARE', '6043'),
            ('64X', '1', 'MTUWTHF', '664432', '17:49', 'LARWIN SQUARE XPRESS', '6614'),
            ('64', '1', 'MTUWTHF', '664433', '17:58', 'LARWIN SQUARE', '6414'),
            ('64', '1', 'MTUWTHF', '664434', '18:35', 'LARWIN SQUARE ', '6446'),
            ('64', '1', 'MTUWTHF', '664435', '19:10', 'LARWIN SQUARE', '6046'),
            ('64', '1', 'MTUWTHF', '664436', '19:42', 'LARWIN SQUARE ', '6450'),
            ('64', '1', 'MTUWTHF', '664438', '20:49', 'LARWIN SQUARE ', '6446'),
            ('64', '1', 'MTUWTHF', '664439', '21:49', 'LARWIN SQUARE ', '6450'),
            ('64', '1', 'MTUWTHF', '664440', '22:45', 'LARWIN SQUARE ', '4341'),
            ('64', '1', 'MTUWTHF', '646476', '04:52', 'HUNTINGTON BEACH - BOEING', '6611'),
            ('64', '1', 'MTUWTHF', '664486', '04:55', 'HUNTINGTON BEACH - BOEING', '6444'), 
            ('64', '1', 'MTUWTHF', '664487', '05:15', 'HUNTINGTON BEACH - BOEING', '6441'),   
            ('64', '1', 'MTUWTHF', '664488', '05:35', 'WESTMINSTER MALL', '6443'),   
            ('64', '1', 'MTUWTHF', '664489', '05:55', 'WESTMINSTER MALL', '6413'), 
            ('64', '1', 'MTUWTHF', '664480', '06:07', 'WESTMINSTER MALL XPRESS', '6445'), 
            ('64', '1', 'MTUWTHF', '664489', '06:13', 'HUNTINGTON BEACH - BOEING', '6411'),
            ('64', '1', 'MTUWTHF', '664480', '06:32', 'WESTMINSTER MALL XPRESS', '6442'),  
            ('64', '1', 'MTUWTHF', '664481', '06:42', 'WESTMINSTER MALL', '5411'),  
            ('64X', '1', 'MTUWTHF', '664541', '07:02', 'WESTMINSTER MALL XPRESS', '6041'), 
            ('64', '1', 'MTUWTHF', '664482', '07:07', 'HUNTINGTON BEACH - BOEING', '6613'),  
            ('64X', '1', 'MTUWTHF', '664483', '07:20', 'WESTMINSTER MALL XPRESS', '6447'), 
            ('64', '1', 'MTUWTHF', '664484', '07:26', 'WESTMINSTER MALL', '6646'),   
            ('64', '1', 'MTUWTHF', '664481', '07:40', 'WESTMINSTER MALL XPRESS', '6444'), 
            ('64', '1', 'MTUWTHF', '664482', '07:46', 'HUNTINGTON BEACH - BOEING', '6443'),    
            ('64X', '1', 'MTUWTHF', '664488', '08:01', 'WESTMINSTER MALL XPRESS', '6441'), 
            ('64', '1', 'MTUWTHF', '664490', '08:08', 'WESTMINSTER MALL', '5449'), 
            ('64X', '1', 'MTUWTHF', '664491', '08:23', 'WESTMINSTER MALL XPRESS', '6413'),   
            ('64', '1', 'MTUWTHF', '664492', '08:30', 'WESTMINSTER MALL', '6446'), --INTERLINE WITH THE 54/56  
            ('64X', '1', 'MTUWTHF', '664493', '08:44', 'WESTMINSTER MALL XPRESS', '6011'),   
            ('64', '1', 'MTUWTHF', '664494', '08:55', 'WESTMINSTER MALL', '6414'), 
            ('64X', '1', 'MTUWTHF', '664495', '09:11', 'WESTMINSTER MALL XPRESS', '6015'),   
            ('64', '1', 'MTUWTHF', '664496', '09:28', 'WESTMINSTER MALL', '6415'),   
            ('64X', '1', 'MTUWTHF', '664497', '09:46', 'WESTMINSTER MALL XPRESS', '6444'),   
            ('64', '1', 'MTUWTHF', '664498', '10:00', 'WESTMINSTER MALL', '5451'), 
            ('64X', '1', 'MTUWTHF', '664499', '10:17', 'WESTMINSTER MALL XPRESS', '6441'),   
            ('64', '1', 'MTUWTHF', '664500', '10:32', 'WESTMINSTER MALL', '6449'),   
            ('64X', '1', 'MTUWTHF', '664501', '10:49', 'WESTMINSTER MALL XPRESS', '5455'),   
            ('64', '1', 'MTUWTHF', '664502', '11:04', 'WESTMINSTER MALL', '5542'), 
            ('64X', '1', 'MTUWTHF', '664489', '11:22', 'WESTMINSTER MALL XPRESS', '6413'),   
            ('64', '1', 'MTUWTHF', '664503', '11:30', 'WESTMINSTER MALL', '6414'),   
            ('64X', '1', 'MTUWTHF', '664504', '11:48', 'WESTMINSTER MALL XPRESS', '6015'),   
            ('64', '1', 'MTUWTHF', '664505', '11:59', 'WESTMINSTER MALL', '6415'),   
            ('64X', '1', 'MTUWTHF', '664506', '12:18', 'WESTMINSTER MALL XPRESS', '6444'),  
            ('64', '1', 'MTUWTHF', '664507', '12:31', 'WESTMINSTER MALL', '6441'),   
            ('64X', '1', 'MTUWTHF', '664508', '12:48', 'WESTMINSTER MALL XPRESS', '6013'),  
            ('64', '1', 'MTUWTHF', '664483', '13:01', 'HUNTINGTON BEACH - BOEING', '6449'), 
            ('64X', '1', 'MTUWTHF', '664484', '13:18', 'WESTMINSTER MALL XPRESS', '5645'),   
            ('64', '1', 'MTUWTHF', '664509', '13:31', 'HUNTINGTON BEACH - BOEING', '6416'),   
            ('64X', '1', 'MTUWTHF', '664510', '13:50', 'WESTMINSTER MALL XPRESS', '6413'),  
            ('64', '1', 'MTUWTHF', '664511', '14:01', 'WESTMINSTER MALL', '6414'),   
            ('64X', '1', 'MTUWTHF', '664512', '14:20', 'WESTMINSTER MALL XPRESS', '6448'),   
            ('64', '1', 'MTUWTHF', '664513', '14:27', 'HUNTINGTON BEACH - BOEING', '6446'),   
            ('64X', '1', 'MTUWTHF', '664514', '14:41', 'WESTMINSTER MALL XPRESS', '6041'),  
            ('64', '1', 'MTUWTHF', '664515', '14:47', 'HUNTINGTON BEACH - BOEING', '6444'),   
            ('64X', '1', 'MTUWTHF', '664516', '15:01', 'WESTMINSTER MALL XPRESS', '6015'),   
            ('64', '1', 'MTUWTHF', '664517', '15:07', 'WESTMINSTER MALL', '6441'),   
            ('64X', '1', 'MTUWTHF', '664518', '15:21', 'WESTMINSTER MALL XPRESS', '6452'), 
            ('64', '1', 'MTUWTHF', '664519', '15:27', 'WESTMINSTER MALL', '6450'),   
            ('64X', '1', 'MTUWTHF', '664521', '15:42', 'WESTMINSTER MALL XPRESS', '6451'),  
            ('64', '1', 'MTUWTHF', '664522', '15:46', 'HUNTINGTON BEACH - BOEING', '6449'), 
            ('64X', '1', 'MTUWTHF', '664523', '16:02', 'WESTMINSTER MALL XPRESS', '6417'),        
            ('64', '1', 'MTUWTHF', '664524', '16:06', 'WESTMINSTER MALL', '6043'),
            ('64X', '1', 'MTUWTHF', '664525', '16:22', 'WESTMINSTER MALL XPRESS', '6416'),     
            ('64', '1', 'MTUWTHF', '664526', '16:27', 'HUNTINGTON BEACH - BOEING', '6414'),  
            ('64X', '1', 'MTUWTHF', '664527', '16:43', 'WESTMINSTER MALL XPRESS', '6614'), 
            ('64', '1', 'MTUWTHF', '664528', '16:49', 'WESTMINSTER MALL', '6448'),   
            ('64X', '1', 'MTUWTHF', '664564', '17:07', 'WESTMINSTER MALL XPRESS', '6041'), 
            ('64', '1', 'MTUWTHF', '664530', '17:15', 'WESTMINSTER MALL', '6446'),
            ('64X', '1', 'MTUWTHF', '664531', '17:33', 'WESTMINSTER MALL XPRESS', '6452'),  
            ('64', '1', 'MTUWTHF', '664532', '17:43', 'WESTMINSTER MALL', '6046'),  
            ('64X', '1', 'MTUWTHF', '664533', '18:00', 'WESTMINSTER MALL XPRESS', '6441'),
            ('64', '1', 'MTUWTHF', '664534', '18:12', 'WESTMINSTER MALL', '6450'),
            ('64', '1', 'MTUWTHF', '664535', '18:43', 'WESTMINSTER MALL', '5521'),
            ('64', '1', 'MTUWTHF', '664536', '19:16', 'WESTMINSTER MALL', '6018'),  
            ('64', '1', 'MTUWTHF', '664537', '19:46', 'WESTMINSTER MALL', '6446'),  
            ('64', '1', 'MTUWTHF', '664538', '20:46', 'WESTMINSTER MALL', '6450'),
            ('64', '1', 'MTUWTHF', '664539', '21:50', 'WESTMINSTER MALL', '4341'),
            ('64', '1', 'MTUWTHF', '664540', '22:50', 'WESTMINSTER MALL', '6450'),

            --ROUTE 66--
            ('66', '1', 'MTUWTHF', '666376', '04:12', 'IRVINE VALLEY COLLEGE', '6641'),
            ('66', '1', 'MTUWTHF', '666377', '04:32', 'LARWIN SQUARE - NEWPORT & BRYAN', '6642'),
            ('66', '1', 'MTUWTHF', '666378', '04:46', 'IRVINE VALLEY COLLEGE', '6643'),
            ('66', '1', 'MTUWTHF', '666379', '04:58', 'LARWIN SQUARE - NEWPORT & BRYAN', '6645'),
            ('66', '1', 'MTUWTHF', '666381', '05:16', 'IRVINE VALLEY COLLEGE', '5313'),
            ('66', '1', 'MTUWTHF', '666382', '05:28', 'LARWIN SQUARE - NEWPORT & BRYAN', '5445'),
            ('66', '1', 'MTUWTHF', '666383', '05:43', 'IRVINE VALLEY COLLEGE', '6612'),
            ('66', '1', 'MTUWTHF', '666384', '05:50', 'LARWIN SQUARE - NEWPORT & BRYAN', '6613'),
            ('66', '1', 'MTUWTHF', '666386', '06:13', 'IRVINE VALLEY COLLEGE', '6644'),
            ('66', '1', 'MTUWTHF', '666387', '06:15', 'LARWIN SQUARE - NEWPORT & BRYAN', '6043'),
            ('66', '1', 'MTUWTHF', '666389', '06:39', 'IRVINE VALLEY COLLEGE', '6642'),
            ('66', '1', 'MTUWTHF', '666390', '06:41', 'LARWIN SQUARE - NEWPORT & BRYAN', '6045'),
            ('66', '1', 'MTUWTHF', '666391', '07:08', 'IRVINE VALLEY COLLEGE', '6641'),
            ('66', '1', 'MTUWTHF', '666392', '07:23', 'LARWIN SQUARE - NEWPORT & BRYAN', '6647'),
            ('66', '1', 'MTUWTHF', '666393', '07:38', 'IRVINE VALLEY COLLEGE', '6411'),
            ('66', '1', 'MTUWTHF', '666394', '07:43', 'LARWIN SQUARE - NEWPORT & BRYAN', '6646'),
            ('66', '1', 'MTUWTHF', '666395', '08:09', 'IRVINE VALLEY COLLEGE', '6648'),
            ('66', '1', 'MTUWTHF', '666396', '08:24', 'LARWIN SQUARE - NEWPORT & BRYAN', '6649'),
            ('66', '1', 'MTUWTHF', '666397', '08:42', 'IRVINE VALLEY COLLEGE', '6613'),
            ('66', '1', 'MTUWTHF', '666398', '09:00', 'LARWIN SQUARE - NEWPORT & BRYAN', '6611'),
            ('66', '1', 'MTUWTHF', '666399', '09:18', 'IRVINE VALLEY COLLEGE', '5444'),
            ('66', '1', 'MTUWTHF', '666400', '09:36', 'LARWIN SQUARE - NEWPORT & BRYAN', '6642'),
            ('66', '1', 'MTUWTHF', '666401', '09:54', 'IRVINE VALLEY COLLEGE', '6448'),
            ('66', '1', 'MTUWTHF', '666402', '10:12', 'LARWIN SQUARE - NEWPORT & BRYAN', '6641'),
            ('66', '1', 'MTUWTHF', '666403', '10:30', 'IRVINE VALLEY COLLEGE', '6646'),
            ('66', '1', 'MTUWTHF', '666404', '10:48', 'LARWIN SQUARE - NEWPORT & BRYAN', '5453'),
            ('66', '1', 'MTUWTHF', '666405', '11:06', 'IRVINE VALLEY COLLEGE', '6649'),
            ('66', '1', 'MTUWTHF', '666406', '11:24', 'LARWIN SQUARE - NEWPORT & BRYAN', '6648'),
            ('66', '1', 'MTUWTHF', '666407', '11:42', 'IRVINE VALLEY COLLEGE', '6611'),
            ('66', '1', 'MTUWTHF', '666408', '12:00', 'LARWIN SQUARE - NEWPORT & BRYAN', '6613'),
            ('66', '1', 'MTUWTHF', '666409', '12:18', 'IRVINE VALLEY COLLEGE', '6011'),
            ('66', '1', 'MTUWTHF', '666410', '12:36', 'LARWIN SQUARE - NEWPORT & BRYAN', '6644'), --COMING FROM THE 54/INTERLINE WITH THE 56 AFTERWARDS!
            ('66', '1', 'MTUWTHF', '666411', '12:54', 'IRVINE VALLEY COLLEGE', '6641'),
            ('66', '1', 'MTUWTHF', '666412', '13:12', 'LARWIN SQUARE - NEWPORT & BRYAN', '6448'),
            ('66', '1', 'MTUWTHF', '666413', '13:30', 'IRVINE VALLEY COLLEGE', '6613'),
            ('66', '1', 'MTUWTHF', '666414', '13:47', 'LARWIN SQUARE - NEWPORT & BRYAN', '6650'),
            ('66', '1', 'MTUWTHF', '666415', '14:06', 'IRVINE VALLEY COLLEGE', '6647'),
            ('66', '1', 'MTUWTHF', '666416', '14:10', 'LARWIN SQUARE - NEWPORT & BRYAN', '6646'),
            ('66', '1', 'MTUWTHF', '666417', '14:37', 'IRVINE VALLEY COLLEGE', '6649'),
            ('66', '1', 'MTUWTHF', '666418', '14:52', 'LARWIN SQUARE - NEWPORT & BRYAN', '6616'),
            ('66', '1', 'MTUWTHF', '666419', '15:04', 'IRVINE VALLEY COLLEGE', '6611'),
            ('66', '1', 'MTUWTHF', '666420', '15:07', 'LARWIN SQUARE - NEWPORT & BRYAN', '5012'), --INTERLINE WITH THE 55 AFTERWARDS!
            ('66', '1', 'MTUWTHF', '666421', '15:33', 'IRVINE VALLEY COLLEGE', '6012'),
            ('66', '1', 'MTUWTHF', '666422', '15:48', 'LARWIN SQUARE - NEWPORT & BRYAN', '6644'), --COMING FROM THE 56!
            ('66', '1', 'MTUWTHF', '666423', '16:03', 'IRVINE VALLEY COLLEGE', '6651'),
            ('66', '1', 'MTUWTHF', '666424', '16:07', 'LARWIN SQUARE - NEWPORT & BRYAN', '6615'),
            ('66', '1', 'MTUWTHF', '666425', '16:34', 'IRVINE VALLEY COLLEGE', '6641'),
            ('66', '1', 'MTUWTHF', '666426', '16:49', 'LARWIN SQUARE - NEWPORT & BRYAN', '6650'),
            ('66', '1', 'MTUWTHF', '666427', '17:04', 'IRVINE VALLEY COLLEGE', '6613'),
            ('66', '1', 'MTUWTHF', '666428', '17:07', 'LARWIN SQUARE - NEWPORT & BRYAN', '6646'),
            ('66', '1', 'MTUWTHF', '666429', '17:37', 'IRVINE VALLEY COLLEGE', '6449'),
            ('66', '1', 'MTUWTHF', '666430', '17:52', 'LARWIN SQUARE - NEWPORT & BRYAN', '6649'),
            ('66', '1', 'MTUWTHF', '666431', '18:11', 'IRVINE VALLEY COLLEGE', '6611'),
            ('66', '1', 'MTUWTHF', '666432', '18:14', 'LARWIN SQUARE - NEWPORT & BRYAN', '6448'),
            ('66', '1', 'MTUWTHF', '666433', '18:40', 'IRVINE VALLEY COLLEGE', '6041'),
            ('66', '1', 'MTUWTHF', '666434', '18:55', 'LARWIN SQUARE - NEWPORT & BRYAN', '6644'),
            ('66', '1', 'MTUWTHF', '666380', '19:14', 'IRVINE VALLEY COLLEGE', '6651'),
            ('66', '1', 'MTUWTHF', '666435', '19:55', 'LARWIN SQUARE - NEWPORT & BRYAN', '6614'),
            ('66', '1', 'MTUWTHF', '666436', '20:14', 'IRVINE VALLEY COLLEGE', '6043'),
            ('66', '1', 'MTUWTHF', '666337', '20:55', 'LARWIN SQUARE - NEWPORT & BRYAN', '6018'),
            ('66', '1', 'MTUWTHF', '666438', '21:32', 'IRVINE VALLEY COLLEGE', '6611'),
            ('66', '1', 'MTUWTHF', '666439', '22:02', 'LARWIN SQUARE - NEWPORT & BRYAN', '6651'),
            ('66', '1', 'MTUWTHF', '666340', '22:32', 'IRVINE VALLEY COLLEGE', '6614'),
            ('66', '1', 'MTUWTHF', '666476', '04:52', 'HUNTINGTON BEACH - BOEING', '6644'),
            ('66', '1', 'MTUWTHF', '666477', '05:03', 'GOLDENWEST TRANSP CENTER', '5641'),
            ('66', '1', 'MTUWTHF', '666478', '05:20', 'HUNTINGTON BEACH - BOEING', '6045'),
            ('66', '1', 'MTUWTHF', '666479', '05:22', 'GOLDENWEST TRANSP CENTER', '6642'),
            ('66', '1', 'MTUWTHF', '666480', '05:52', 'GOLDENWEST TRANSP CENTER', '6641'),
            ('66', '1', 'MTUWTHF', '666481', '05:53', 'HUNTINGTON BEACH - BOEING', '6643'),
            ('66', '1', 'MTUWTHF', '666483', '06:14', 'HUNTINGTON BEACH - BOEING', '5611'),
            ('66', '1', 'MTUWTHF', '666484', '06:19', 'GOLDENWEST TRANSP CENTER', '6647'),
            ('66', '1', 'MTUWTHF', '666485', '06:42', 'GOLDENWEST TRANSP CENTER', '5445'),
            ('66', '1', 'MTUWTHF', '666486', '06:43', 'GOLDENWEST TRANSP CENTER', '6648'),
            ('66', '1', 'MTUWTHF', '666487', '07:11', 'GOLDENWEST TRANSP CENTER', '6412'),
            ('66', '1', 'MTUWTHF', '666488', '07:12', 'GOLDENWEST TRANSP CENTER', '6612'),
            ('66', '1', 'MTUWTHF', '666489', '07:37', 'GOLDENWEST TRANSP CENTER', '6611'),
            ('66', '1', 'MTUWTHF', '666490', '07:41', 'GOLDENWEST TRANSP CENTER', '6644'), --INTERLINE WITH THE 54 AFTERWARDS!
            ('66', '1', 'MTUWTHF', '666491', '08:09', 'GOLDENWEST TRANSP CENTER', '5444'),
            ('66', '1', 'MTUWTHF', '666492', '08:13', 'GOLDENWEST TRANSP CENTER', '6642'),
            ('66', '1', 'MTUWTHF', '666493', '08:45', 'GOLDENWEST TRANSP CENTER', '6448'),
            ('66', '1', 'MTUWTHF', '666494', '08:49', 'GOLDENWEST TRANSP CENTER', '6641'),
            ('66', '1', 'MTUWTHF', '666495', '09:21', 'GOLDENWEST TRANSP CENTER', '6646'),
            ('66', '1', 'MTUWTHF', '666496', '09:25', 'GOLDENWEST TRANSP CENTER', '5453'),
            ('66', '1', 'MTUWTHF', '666497', '09:57', 'GOLDENWEST TRANSP CENTER', '6649'),
            ('66', '1', 'MTUWTHF', '666490', '10:01', 'GOLDENWEST TRANSP CENTER', '6648'),
            ('66', '1', 'MTUWTHF', '666491', '10:33', 'GOLDENWEST TRANSP CENTER', '6611'),
            ('66', '1', 'MTUWTHF', '666492', '10:34', 'GOLDENWEST TRANSP CENTER', '6613'),
            ('66', '1', 'MTUWTHF', '666493', '11:10', 'GOLDENWEST TRANSP CENTER', '6011'),
            ('66', '1', 'MTUWTHF', '666494', '11:10', 'GOLDENWEST TRANSP CENTER', '6642'),
            ('66', '1', 'MTUWTHF', '666495', '11:46', 'GOLDENWEST TRANSP CENTER', '6448'),
            ('66', '1', 'MTUWTHF', '666496', '11:46', 'GOLDENWEST TRANSP CENTER', '6641'),
            ('66', '1', 'MTUWTHF', '666497', '12:21', 'GOLDENWEST TRANSP CENTER', '6646'),
            ('66', '1', 'MTUWTHF', '666482', '12:22', 'HUNTINGTON BEACH - BOEING', '5453'),
            ('66', '1', 'MTUWTHF', '666498', '12:58', 'GOLDENWEST TRANSP CENTER', '6649'),
            ('66', '1', 'MTUWTHF', '666499', '12:58', 'GOLDENWEST TRANSP CENTER', '6648'),
            ('66', '1', 'MTUWTHF', '666550', '13:34', 'HUNTINGTON BEACH - BOEING', '5012'), --COMING FROM THE 53
            ('66', '1', 'MTUWTHF', '666500', '13:34', 'GOLDENWEST TRANSP CENTER', '6611'),
            ('66', '1', 'MTUWTHF', '666501', '14:05', 'GOLDENWEST TRANSP CENTER', '6011'),
            ('66', '1', 'MTUWTHF', '666502', '14:10', 'GOLDENWEST TRANSP CENTER', '6012'),
            ('66', '1', 'MTUWTHF', '666503', '14:38', 'GOLDENWEST TRANSP CENTER', '6641'),
            ('66', '1', 'MTUWTHF', '666549', '14:40', 'HUNTINGTON BEACH - BOEING', '6615'),
            ('66', '1', 'MTUWTHF', '666504', '15:06', 'GOLDENWEST TRANSP CENTER', '6613'),
            ('66', '1', 'MTUWTHF', '666505', '15:12', 'GOLDENWEST TRANSP CENTER', '6650'),
            ('66', '1', 'MTUWTHF', '666506', '15:36', 'GOLDENWEST TRANSP CENTER', '6647'),
            ('66', '1', 'MTUWTHF', '666548', '15:40', 'HUNTINGTON BEACH - BOEING', '6646'),
            ('66', '1', 'MTUWTHF', '666507', '16:05', 'GOLDENWEST TRANSP CENTER', '6649'),
            ('66', '1', 'MTUWTHF', '666508', '16:08', 'GOLDENWEST TRANSP CENTER', '6616'),
            ('66', '1', 'MTUWTHF', '666509', '16:30', 'GOLDENWEST TRANSP CENTER', '6611'),
            ('66', '1', 'MTUWTHF', '666547', '16:39', 'HUNTINGTON BEACH - BOEING', '5413'),
            ('66', '1', 'MTUWTHF', '666510', '16:59', 'GOLDENWEST TRANSP CENTER', '6012'),
            ('66', '1', 'MTUWTHF', '666511', '17:08', 'GOLDENWEST TRANSP CENTER', '6644'),
            ('66', '1', 'MTUWTHF', '666512', '17:35', 'GOLDENWEST TRANSP CENTER', '6651'),
            ('66', '1', 'MTUWTHF', '666513', '17:38', 'GOLDENWEST TRANSP CENTER', '6615'),
            ('66', '1', 'MTUWTHF', '666514', '18:05', 'GOLDENWEST TRANSP CENTER', '6641'),
            ('66', '1', 'MTUWTHF', '666515', '18:08', 'GOLDENWEST TRANSP CENTER', '6614'),
            ('66', '1', 'MTUWTHF', '666516', '18:35', 'GOLDENWEST TRANSP CENTER', '6650'),
            ('66', '1', 'MTUWTHF', '666517', '18:38', 'GOLDENWEST TRANSP CENTER', '6043'),
            ('66', '1', 'MTUWTHF', '666518', '19:27', 'GOLDENWEST TRANSP CENTER', '6649'),
            ('66', '1', 'MTUWTHF', '666519', '19:44', 'GOLDENWEST TRANSP CENTER', '6611'),
            ('66', '1', 'MTUWTHF', '666520', '20:33', 'GOLDENWEST TRANSP CENTER', '6016'),
            ('66', '1', 'MTUWTHF', '666521', '20:44', 'GOLDENWEST TRANSP CENTER', '6651'),
            ('66', '1', 'MTUWTHF', '666522', '21:33', 'GOLDENWEST TRANSP CENTER', '6614'),
            ('66', '1', 'MTUWTHF', '666523', '21:44', 'GOLDENWEST TRANSP CENTER', '6043'),
            ('66', '1', 'MTUWTHF', '666524', '22:33', 'GOLDENWEST TRANSP CENTER', '5322'),
            ('66', '1', 'MTUWTHF', '666525', '22:41', 'GOLDENWEST TRANSP CENTER', '6611'),

            --ROUTE 83--
            ('83', '1', 'MTUWTHF', '683376', '04:44', 'LAGUNA HILLS TRANSP CENTER', '5717'),  
            ('83', '1', 'MTUWTHF', '683377', '04:09', 'LAGUNA HILLS TRANSP CENTER', 'XXXX'),
            ('83', '1', 'MTUWTHF', '683378', '04:29', 'LAGUNA HILLS TRANSP CENTER', 'XXXX'),
            ('83', '1', 'MTUWTHF', '683379', '04:83', 'LAGUNA HILLS TRANSP CENTER', 'XXX1'),
            ('83', '1', 'MTUWTHF', '683380', '05:10', 'LAGUNA HILLS TRANSP CENTER', 'XXXX'),
            ('83', '1', 'MTUWTHF', '683381', '05:30', 'LAGUNA HILLS TRANSP CENTER', 'XXXX'),
            ('83', '1', 'MTUWTHF', '683382', '06:00', 'LAGUNA HILLS TRANSP CENTER', 'XXXX'),
            ('83', '1', 'MTUWTHF', '683383', '06:30', 'LAGUNA HILLS TRANSP CENTER', 'XXXX'),
            ('83', '1', 'MTUWTHF', '683384', '06:42', 'LAGUNA HILLS TRANSP CENTER', 'XXXX'),
            ('83', '1', 'MTUWTHF', '683385', '07:00', 'LAGUNA HILLS TRANSP CENTER', 'XXXX'),
            ('83', '1', 'MTUWTHF', '683386', '07:12', 'LAGUNA HILLS TRANSP CENTER', 'XXXX'),
            ('83', '1', 'MTUWTHF', '683387', '07:30', 'LAGUNA HILLS TRANSP CENTER', 'XXXX'),
            ('83', '1', 'MTUWTHF', '683388', '07:42', 'LAGUNA HILLS TRANSP CENTER', 'XXXX'),
            ('83', '1', 'MTUWTHF', '683389', '08:00', 'LAGUNA HILLS TRANSP CENTER', 'XXXX'),
            ('83', '1', 'MTUWTHF', '683390', '08:12', 'LAGUNA HILLS TRANSP CENTER', 'XXXX'),
            ('83', '1', 'MTUWTHF', '683391', '08:30', 'LAGUNA HILLS TRANSP CENTER', 'XXXX'),
            ('83', '1', 'MTUWTHF', '683392', '08:42', 'LAGUNA HILLS TRANSP CENTER', 'XXXX'),
            ('83', '1', 'MTUWTHF', '683393', '09:00', 'LAGUNA HILLS TRANSP CENTER', 'XXXX'),
            ('83', '1', 'MTUWTHF', '683394', '09:30', 'LAGUNA HILLS TRANSP CENTER', 'XXXX'),
            ('83', '1', 'MTUWTHF', '683395', '10:03', 'LAGUNA HILLS TRANSP CENTER', 'XXXX'),
            ('83', '1', 'MTUWTHF', '683396', '10:33', 'LAGUNA HILLS TRANSP CENTER', 'XXXX'),
            ('83', '1', 'MTUWTHF', '683397', '11:03', 'LAGUNA HILLS TRANSP CENTER', 'XXXX'),
            ('83', '1', 'MTUWTHF', '683398', '11:33', 'LAGUNA HILLS TRANSP CENTER', 'XXXX'),
            ('83', '1', 'MTUWTHF', '683399', '12:03', 'LAGUNA HILLS TRANSP CENTER', 'XXXX'),
            ('83', '1', 'MTUWTHF', '683400', '12:33', 'LAGUNA HILLS TRANSP CENTER', 'XXX1'),
            ('83', '1', 'MTUWTHF', '683401', '13:03', 'LAGUNA HILLS TRANSP CENTER', 'XXX3'),
            ('83', '1', 'MTUWTHF', '683402', '13:33', 'LAGUNA HILLS TRANSP CENTER', 'XXX4'),
            ('83', '1', 'MTUWTHF', '683403', '14:03', 'LAGUNA HILLS TRANSP CENTER', 'XXX5'),
            ('83', '1', 'MTUWTHF', '683404', '14:33', 'LAGUNA HILLS TRANSP CENTER', 'XXX9'),
            ('83', '1', 'MTUWTHF', '683405', '15:03', 'LAGUNA HILLS TRANSP CENTER', 'XXX6'),
            ('83', '1', 'MTUWTHF', '683406', '15:33', 'LAGUNA HILLS TRANSP CENTER', 'XXX7'),
            ('83', '1', 'MTUWTHF', '683407', '15:43', 'LAGUNA HILLS TRANSP CENTER', '8344'),
            ('83', '1', 'MTUWTHF', '683408', '16:03', 'LAGUNA HILLS TRANSP CENTER', 'XXX8'),
            ('83', '1', 'MTUWTHF', '683409', '16:13', 'LAGUNA HILLS TRANSP CENTER', '8345'),
            ('83', '1', 'MTUWTHF', '683410', '16:33', 'LAGUNA HILLS TRANSP CENTER', 'XXX1'),
            ('83', '1', 'MTUWTHF', '683411', '16:43', 'LAGUNA HILLS TRANSP CENTER', '8346'),
            ('83', '1', 'MTUWTHF', '683412', '17:00', 'LAGUNA HILLS TRANSP CENTER', 'XXX3'),
            ('83', '1', 'MTUWTHF', '683413', '17:13', 'LAGUNA HILLS TRANSP CENTER', '8320'),
            ('83', '1', 'MTUWTHF', '683414', '17:30', 'LAGUNA HILLS TRANSP CENTER', 'XXX4'),
            ('83', '1', 'MTUWTHF', '683415', '17:43', 'LAGUNA HILLS TRANSP CENTER', '8344'),
            ('83', '1', 'MTUWTHF', '683416', '18:00', 'LAGUNA HILLS TRANSP CENTER', 'XXX5'),
            ('83', '1', 'MTUWTHF', '683417', '18:35', 'LAGUNA HILLS TRANSP CENTER', 'XXXX'),
            ('83', '1', 'MTUWTHF', '683418', '19:05', 'LAGUNA HILLS TRANSP CENTER', 'XXX6'),
            ('83', '1', 'MTUWTHF', '683419', '19:35', 'LAGUNA HILLS TRANSP CENTER', 'XXX7'),
            ('83', '1', 'MTUWTHF', '683420', '20:05', 'LAGUNA HILLS TRANSP CENTER', 'XXX8'),
            ('83', '1', 'MTUWTHF', '683421', '20:35', 'LAGUNA HILLS TRANSP CENTER', 'XXX1'),
            ('83', '1', 'MTUWTHF', '683422', '21:11', 'LAGUNA HILLS TRANSP CENTER', 'XXX3'),
            ('83', '1', 'MTUWTHF', '683423', '21:41', 'LAGUNA HILLS TRANSP CENTER', 'XXX4'),
            ('83', '1', 'MTUWTHF', '683424', '22:11', 'LAGUNA HILLS TRANSP CENTER', 'XXX5'),
            ('83', '1', 'MTUWTHF', '683425', '22:41', 'LAGUNA HILLS TRANSP CENTER', 'XXX6'),
            ('83', '1', 'MTUWTHF', '683426', '23:26', 'LAGUNA HILLS TRANSP CENTER', 'XXX8'),
            ('83', '1', 'MTUWTHF', '683427', '24:26', 'LAGUNA HILLS TRANSP CENTER', 'XXXX'),

            ('83', '1', 'MTUWTHF', '683476', '04:00', 'ANAHEIM DISNEYLAND', 'XXXX'),
            ('83', '1', 'MTUWTHF', '683477', '05:22', 'ANAHEIM DISNEYLAND', '5717'),
            ('83', '1', 'MTUWTHF', '683478', '04:54', 'ANAHEIM DISNEYLAND', 'XXXX'),
            ('83', '1', 'MTUWTHF', '683479', '05:20', 'ANAHEIM DISNEYLAND', 'XXXX'),
            ('83', '1', 'MTUWTHF', '683480', '05:83', 'ANAHEIM DISNEYLAND', 'XXXX'),
            ('83', '1', 'MTUWTHF', '683481', '06:12', 'ANAHEIM DISNEYLAND', 'XXXX'),
            ('83', '1', 'MTUWTHF', '683482', '06:28', 'SANTA ANA - FLOWER & 6TH', '8312'),
            ('83', '1', 'MTUWTHF', '683483', '06:42', 'ANAHEIM DISNEYLAND', '8311'),
            ('83', '1', 'MTUWTHF', '683484', '06:58', 'SANTA ANA - FLOWER & 6TH', '8341'),
            ('83', '1', 'MTUWTHF', '683485', '07:12', 'ANAHEIM DISNEYLAND', '8313'),
            ('83', '1', 'MTUWTHF', '683486', '07:28', 'SANTA ANA - FLOWER & 6TH', '8343'),
            ('83', '1', 'MTUWTHF', '683487', '07:42', 'ANAHEIM DISNEYLAND', 'XXXX'),
            ('83', '1', 'MTUWTHF', '683488', '07:48', 'SANTA ANA - FLOWER & 6TH', '8XXX'),
            ('83', '1', 'MTUWTHF', '683489', '08:12', 'ANAHEIM DISNEYLAND', 'XXXX'),
            ('83', '1', 'MTUWTHF', '683490', '08:28', 'SANTA ANA - FLOWER & 6TH', '8XXX'),
            ('83', '1', 'MTUWTHF', '683491', '12:42', 'ANAHEIM DISNEYLAND', '6014'),
            ('83', '1', 'MTUWTHF', '683492', '08:48', 'SANTA ANA - FLOWER & 6TH', 'XXXX'),
            ('83', '1', 'MTUWTHF', '683493', '09:12', 'ANAHEIM DISNEYLAND', 'XXXX'),
            ('83', '1', 'MTUWTHF', '683494', '09:42', 'ANAHEIM DISNEYLAND', 'XXXX'),
            ('83', '1', 'MTUWTHF', '683495', '10:12', 'ANAHEIM DISNEYLAND', 'XXXX'),
            ('83', '1', 'MTUWTHF', '683496', '10:42', 'ANAHEIM DISNEYLAND', 'XXXX'),
            ('83', '1', 'MTUWTHF', '683497', '11:12', 'ANAHEIM DISNEYLAND', 'XXXX'),
            ('83', '1', 'MTUWTHF', '683490', '11:42', 'ANAHEIM DISNEYLAND', 'XXXX'),
            ('83', '1', 'MTUWTHF', '683491', '12:07', 'ANAHEIM DISNEYLAND', '8315'),
            ('83', '1', 'MTUWTHF', '683492', '12:36', 'ANAHEIM DISNEYLAND', 'XXXX'),
            ('83', '1', 'MTUWTHF', '683493', '13:12', 'ANAHEIM DISNEYLAND', '8316'),
            ('83', '1', 'MTUWTHF', '683494', '13:42', 'ANAHEIM DISNEYLAND', '8317'),
            ('83', '1', 'MTUWTHF', '683495', '14:12', 'ANAHEIM DISNEYLAND', '8318'),
            ('83', '1', 'MTUWTHF', '683496', '14:42', 'ANAHEIM DISNEYLAND', '8311'),
            ('83', '1', 'MTUWTHF', '683497', '14:53', 'SANTA ANA - FLOWER & 6TH', '8344'),
            ('83', '1', 'MTUWTHF', '683498', '15:12', 'ANAHEIM DISNEYLAND', '8313'),
            ('83', '1', 'MTUWTHF', '683499', '15:23', 'SANTA ANA - FLOWER & 6TH', '8345'),
            ('83', '1', 'MTUWTHF', '683830', '15:39', 'ANAHEIM DISNEYLAND', '8314'),
            ('83', '1', 'MTUWTHF', '683831', '15:53', 'SANTA ANA - FLOWER & 6TH', '8346'),
            ('83', '1', 'MTUWTHF', '683832', '16:09', 'ANAHEIM DISNEYLAND', '8315'),
            ('83', '1', 'MTUWTHF', '683833', '16:23', 'SANTA ANA - FLOWER & 6TH', '8320'),
            ('83', '1', 'MTUWTHF', '683834', '16:36', 'ANAHEIM DISNEYLAND', '8319'),
            ('83', '1', 'MTUWTHF', '683835', '16:53', 'SANTA ANA - FLOWER & 6TH', '8344'),
            ('83', '1', 'MTUWTHF', '683836', '17:06', 'ANAHEIM DISNEYLAND', '8316'),
            ('83', '1', 'MTUWTHF', '683837', '17:23', 'SANTA ANA - FLOWER & 6TH', '8345'),
            ('83', '1', 'MTUWTHF', '683838', '17:42', 'ANAHEIM DISNEYLAND', '8317'),
            ('83', '1', 'MTUWTHF', '683839', '17:53', 'SANTA ANA - FLOWER & 6TH', '8346'),
            ('83', '1', 'MTUWTHF', '683510', '18:12', 'ANAHEIM DISNEYLAND', '8318'),
            ('83', '1', 'MTUWTHF', '683511', '18:83', 'ANAHEIM DISNEYLAND', '8311'),
            ('83', '1', 'MTUWTHF', '683512', '19:20', 'ANAHEIM DISNEYLAND', '8313'),
            ('83', '1', 'MTUWTHF', '683513', '19:83', 'ANAHEIM DISNEYLAND', '8314'),
            ('83', '1', 'MTUWTHF', '683514', '20:20', 'ANAHEIM DISNEYLAND', '8315'),
            ('83', '1', 'MTUWTHF', '683515', '20:83', 'ANAHEIM DISNEYLAND', '8316'),
            ('83', '1', 'MTUWTHF', '683516', '21:20', 'ANAHEIM DISNEYLAND', '8317'),
            ('83', '1', 'MTUWTHF', '683517', '21:83', 'ANAHEIM DISNEYLAND', '8318'),
            ('83', '1', 'MTUWTHF', '683518', '22:30', 'ANAHEIM DISNEYLAND', '8311'),
            ('83', '1', 'MTUWTHF', '683519', '23:00', 'ANAHEIM DISNEYLAND', '8313'),
            ('83', '1', 'MTUWTHF', '683520', '23:33', 'ANAHEIM DISNEYLAND', '8315'),
            ('83', '1', 'MTUWTHF', '683521', '24:42', 'ANAHEIM DISNEYLAND', '8318');

--Select * FROM Calendar;
--Select * FROM Fares;
--Select * FROM agency;
--Select * FROM agencyYard;
--Select * FROM routes;
--Select * FROM trips;
--Select route_id, times, trip_headsign, block_id FROM trips WHERE trip_headsign = 'LONG BEACH - CAL STATE LONG BEACH' ORDER BY times;--
Select times, route_id, trip_id, trip_headsign, block_id FROM trips WHERE block_id = '6648' ORDER BY times;
--Select route_id, times, trip_headsign, block_id FROM trips WHERE route_id = '50' ORDER BY times;